Famiglia,Corso,Lezione,PDF,AVI,JNT,CAMREC,CAMPROJ,Note
AL,AL_14,1,SI,SI,SI,?,--,
AL,AL_14,2,SI,SI,SI,?,--,
AL,AL_14,3,SI,SI,SI,?,--,
AL,AL_14,4,SI,SI,SI,?,--,
AL,AL_14,5,SI,SI,SI,?,--,
AL,AL_14,6,SI,SI,SI,?,--,
AL,AL_14,7,SI,SI,SI,?,--,
AL,AL_14,8,SI,SI,SI,?,--,
AL,AL_14,9,SI,SI,SI,?,--,
AL,AL_14,10,SI,SI,SI,?,--,
AL,AL_14,11,SI,SI,SI,?,--,
AL,AL_14,12,SI,SI,SI,?,--,
AL,AL_14,13,SI,SI,SI,?,--,
AL,AL_14,14,SI,SI,SI,?,--,
AL,AL_14,15,SI,SI,SI,?,--,
AL,AL_14,16,SI,SI,SI,?,--,
AL,AL_14,17,SI,SI,SI,?,--,
AL,AL_14,18,SI,SI,SI,?,--,
AL,AL_14,19,SI,SI,SI,?,--,
AL,AL_14,20,SI,SI,SI,?,--,
AL,AL_14,21,SI,SI,?,?,--,
AL,AL_14,22,SI,SI,SI,?,--,
AL,AL_14,23,SI,SI,SI,?,--,
AL,AL_14,24,SI,SI,SI,?,--,
AL,AL_14,25,SI,SI,SI,?,--,
AL,AL_14,26,SI,SI,SI,?,--,
AL,AL_14,27,SI,SI,SI,?,--,
AL,AL_14,28,SI,SI,SI,?,--,
AL,AL_14,29,SI,SI,SI,?,--,
AL,AL_14,30,SI,SI,SI,?,--,
AL,AL_14,31,SI,SI,SI,?,--,
AL,AL_14,32,SI,SI,SI,?,--,
AL,AL_14,33,SI,SI,SI,?,--,
AL,AL_14,34,SI,SI,SI,?,--,
AL,AL_14,35,SI,SI,SI,?,--,
AL,AL_14,36,SI,SI,SI,?,--,
AL,AL_14,37,SI,SI,SI,?,--,
AL,AL_14,38,SI,SI,SI,?,--,
AL,AL_14,39,SI,SI,SI,?,--,
AL,AL_14,40,SI,SI,SI,?,--,
AL,AL_14,41,SI,SI,SI,?,--,
AL,AL_14,42,SI,SI,SI,?,--,
AL,AL_14,43,SI,SI,SI,?,--,
AL,AL_14,44,SI,SI,SI,?,--,
AL,AL_14,45,SI,SI,SI,?,--,
AL,AL_14,46,SI,SI,SI,?,--,
AL,AL_14,47,SI,SI,SI,?,--,
AL,AL_14,48,SI,SI,SI,?,--,
AL,AL_14,49,SI,SI,SI,?,--,
AL,AL_14,50,SI,SI,SI,?,--,
AL,AL_14,51,SI,SI,SI,?,--,
AL,AL_14,52,SI,SI,SI,?,--,
AL,AL_14,53,SI,SI,SI,?,--,
AL,AL_14,54,SI,SI,SI,?,--,
AL,AL_14,55,SI,SI,SI,?,--,
AL,AL_14,56,SI,SI,SI,?,--,
AL,AL_14,57,SI,SI,SI,?,--,
AL,AL_14,58,SI,SI,SI,?,--,
AL,AL_14,59,SI,SI,SI,?,--,
AL,AL_15,1,SI,SI,SI,?,--,
AL,AL_15,2,SI,SI,SI,?,--,
AL,AL_15,3,SI,SI,SI,?,--,
AL,AL_15,4,SI,SI,SI,?,--,
AL,AL_15,5,SI,SI,SI,?,--,
AL,AL_15,6,SI,SI,SI,?,--,
AL,AL_15,7,SI,SI,SI,?,--,
AL,AL_15,8,SI,SI,SI,?,--,
AL,AL_15,9,SI,SI,SI,?,--,
AL,AL_15,10,SI,SI,SI,?,--,
AL,AL_15,11,SI,SI,SI,?,--,
AL,AL_15,12,SI,SI,SI,?,--,
AL,AL_15,13,SI,SI,SI,?,--,
AL,AL_15,14,SI,SI,SI,?,--,
AL,AL_15,15,SI,SI,SI,?,--,
AL,AL_15,16,SI,SI,SI,?,--,
AL,AL_15,17,SI,SI,SI,?,--,
AL,AL_15,18,SI,SI,SI,?,--,
AL,AL_15,19,SI,SI,SI,?,--,
AL,AL_15,20,SI,SI,SI,?,--,
AL,AL_15,21,SI,SI,SI,?,--,
AL,AL_15,22,SI,SI,SI,?,--,
AL,AL_15,23,SI,SI,SI,?,--,
AL,AL_15,24,SI,SI,SI,?,--,
AL,AL_15,25,SI,SI,SI,?,--,
AL,AL_15,26,SI,SI,SI,?,--,
AL,AL_15,27,SI,SI,SI,?,--,
AL,AL_15,28,SI,SI,SI,?,--,
AL,AL_15,29,SI,SI,SI,?,--,
AL,AL_15,30,SI,SI,SI,?,--,
AL,AL_15,31,SI,SI,SI,?,--,
AL,AL_15,32,SI,SI,SI,?,--,
AL,AL_15,33,SI,SI,SI,?,--,
AL,AL_15,34,SI,SI,SI,?,--,
AL,AL_15,35,SI,SI,SI,?,--,
AL,AL_15,36,SI,SI,SI,?,--,
AL,AL_15,37,SI,SI,SI,?,--,
AL,AL_15,38,SI,SI,SI,?,--,
AL,AL_15,39,SI,SI,SI,?,--,
AL,AL_15,40,SI,SI,SI,?,--,
AL,AL_15,41,SI,SI,SI,?,--,
AL,AL_15,42,SI,SI,SI,?,--,
AL,AL_15,43,SI,SI,SI,?,--,
AL,AL_15,44,SI,SI,SI,?,--,
AL,AL_15,45,SI,SI,SI,?,--,
AL,AL_15,46,SI,SI,SI,?,--,
AL,AL_15,47,SI,SI,SI,?,--,
AL,AL_15,48,SI,SI,SI,?,--,
AL,AL_15,49,SI,SI,SI,?,--,
AL,AL_15,50,SI,SI,SI,?,--,
AL,AL_15,51,SI,SI,SI,?,--,
AL,AL_15,52,SI,SI,SI,?,--,
AL,AL_15,53,SI,SI,SI,?,--,
AL,AL_15,54,SI,SI,SI,?,--,
AL,AL_15,55,SI,SI,SI,?,--,
AL,AL_15,56,SI,SI,SI,?,--,
AL,AL_15,57,SI,SI,SI,?,--,
AL,AL_15,58,SI,SI,SI,?,--,
AL,AL_15,59,SI,SI,SI,?,--,
AL,AL_15,60,SI,SI,SI,?,--,
AL,AL_19,1,SI,SI,SI,SI,--,
AL,AL_19,2,SI,SI,SI,SI,--,
AL,AL_19,3,SI,SI,SI,SI,--,
AL,AL_19,4,SI,SI,SI,SI,--,
AL,AL_19,5,SI,SI,SI,SI,--,
AL,AL_19,6,SI,SI,SI,SI,--,
AL,AL_19,7,SI,SI,SI,SI,--,
AL,AL_19,8,SI,SI,SI,SI,--,
AL,AL_19,9,SI,SI,SI,SI,--,
AL,AL_19,10,SI,SI,SI,SI,--,
AL,AL_19,11,SI,SI,SI,SI,--,
AL,AL_19,12,SI,SI,SI,SI,--,
AL,AL_19,13,SI,SI,SI,SI,--,
AL,AL_19,14,SI,SI,SI,SI,--,
AL,AL_19,15,SI,SI,SI,SI,--,
AL,AL_19,16,SI,SI,SI,SI,--,
AL,AL_19,17,SI,SI,SI,SI,--,
AL,AL_19,18,SI,SI,SI,SI,--,
AL,AL_19,19,SI,SI,SI,SI,--,
AL,AL_19,20,SI,SI,SI,SI,--,
AL,AL_19,21,SI,SI,SI,SI,--,
AL,AL_19,22,SI,SI,SI,SI,--,
AL,AL_19,23,SI,SI,SI,SI,--,
AL,AL_19,24,SI,SI,SI,SI,--,
AL,AL_19,25,SI,SI,SI,SI,--,
AL,AL_19,26,SI,SI,SI,SI,--,
AL,AL_19,27,SI,SI,SI,SI,--,
AL,AL_19,28,SI,SI,SI,SI,--,
AL,AL_19,29,SI,SI,SI,SI,--,
AL,AL_19,30,SI,SI,SI,SI,--,
AL,AL_19,31,SI,SI,SI,SI,--,
AL,AL_19,32,SI,SI,SI,SI,--,
AL,AL_19,33,SI,SI,SI,SI,--,
AL,AL_19,34,SI,SI,SI,SI,--,
AL,AL_19,35,SI,SI,SI,SI,--,
AL,AL_19,36,SI,SI,SI,SI,--,
AL,AL_19,37,SI,SI,SI,SI,--,
AL,AL_19,38,SI,SI,SI,SI,--,
AL,AL_19,39,SI,SI,SI,SI,--,
AL,AL_19,40,SI,SI,SI,SI,--,
AL,AL_19,41,SI,SI,SI,SI,--,
AL,AL_19,42,SI,SI,SI,SI,--,
AL,AL_19,43,SI,SI,SI,SI,--,
AL,AL_19,44,SI,SI,SI,SI,--,
AL,AL_19,45,SI,SI,SI,SI,--,
AL,AL_19,46,SI,SI,SI,SI,--,
AL,AL_19,47,SI,SI,SI,SI,--,
AL,AL_19,48,SI,SI,SI,SI,--,
AL,AL_19,49,SI,SI,SI,SI,--,
AL,AL_19,50,SI,SI,SI,SI,--,
AL,AL_19,51,SI,SI,SI,SI,--,
AL,AL_19,52,SI,SI,SI,SI,--,
AL,AL_19,53,SI,SI,SI,SI,--,
AL,AL_19,54,SI,SI,SI,SI,--,
AL,AL_19,55,SI,SI,SI,SI,--,
AL,AL_19,56,SI,SI,SI,SI,--,
AL,AL_19,57,SI,SI,SI,SI,--,
AL,AL_19,58,SI,SI,SI,SI,--,
AL,AL_19,59,SI,SI,SI,SI,--,
AL,AL_19,60,SI,SI,SI,SI,--,
AL,AL_22,1,SI,SI,SI,SI,--,
AL,AL_22,2,SI,SI,SI,SI,--,
AL,AL_22,3,SI,SI,SI,SI,--,
AL,AL_22,4,SI,SI,SI,SI,--,
AL,AL_22,5,SI,SI,SI,SI,--,
AL,AL_22,6,SI,SI,SI,SI,--,
AL,AL_22,7,SI,SI,SI,SI,--,
AL,AL_22,8,SI,SI,SI,SI,--,
AL,AL_22,9,SI,SI,SI,SI,--,
AL,AL_22,10,SI,SI,SI,SI,--,
AL,AL_22,11,SI,SI,SI,SI,--,
AL,AL_22,12,SI,SI,SI,SI,--,
AL,AL_22,13,SI,SI,SI,SI,--,
AL,AL_22,14,SI,SI,SI,SI,--,
AL,AL_22,15,SI,SI,SI,SI,--,
AL,AL_22,16,SI,SI,SI,SI,--,
AL,AL_22,17,SI,SI,SI,SI,--,
AL,AL_22,18,SI,SI,SI,SI,--,
AL,AL_22,19,SI,SI,SI,SI,--,
AL,AL_22,20,SI,SI,SI,SI,--,
AL,AL_22,21,SI,SI,SI,SI,--,
AL,AL_22,22,SI,SI,SI,SI,--,
AL,AL_22,23,SI,SI,SI,SI,--,
AL,AL_22,24,SI,SI,SI,SI,--,
AL,AL_22,25,SI,SI,SI,SI,--,
AL,AL_22,26,SI,SI,SI,SI,--,
AL,AL_22,27,SI,SI,SI,SI,--,
AL,AL_22,28,SI,SI,SI,SI,--,
AL,AL_22,29,SI,SI,SI,SI,--,
AL,AL_22,30,SI,SI,SI,SI,--,
AL,AL_22,31,SI,SI,SI,SI,--,
AL,AL_22,32,SI,SI,SI,SI,--,
AL,AL_22,33,SI,SI,SI,SI,--,
AL,AL_22,34,SI,SI,SI,SI,--,
AL,AL_22,35,SI,SI,SI,SI,--,
AL,AL_22,36,SI,SI,SI,SI,--,
AL,AL_22,37,SI,SI,SI,SI,--,
AL,AL_22,38,SI,SI,SI,SI,--,
AL,AL_22,39,SI,SI,SI,SI,--,
AL,AL_22,40,SI,SI,SI,SI,--,
AL,AL_22,41,SI,SI,SI,SI,--,
AL,AL_22,42,SI,SI,SI,SI,--,
AL,AL_22,43,SI,SI,SI,SI,--,
AL,AL_22,44,SI,SI,SI,SI,--,
AL,AL_22,45,SI,SI,SI,SI,--,
AL,AL_22,46,SI,SI,SI,SI,--,
AL,AL_22,47,SI,SI,SI,SI,--,
AL,AL_22,48,SI,SI,SI,SI,--,
AL,AL_22,49,SI,SI,SI,SI,--,
AL,AL_22,50,SI,SI,SI,SI,--,
AL,AL_22,51,SI,SI,SI,SI,--,
AL,AL_22,52,SI,SI,SI,SI,--,
AL,AL_22,53,SI,SI,SI,SI,--,
AL,AL_22,54,SI,SI,SI,SI,--,
AL,AL_22,55,SI,SI,SI,SI,--,
AL,AL_22,56,SI,SI,SI,SI,--,
AL,AL_22,57,SI,SI,SI,SI,--,
AL,AL_22,58,SI,SI,SI,SI,--,
AL,AL_22,59,SI,SI,SI,SI,--,
AL,AL_22,60,SI,SI,SI,SI,--,
AL,AL_23,1,SI,SI,SI,SI,--,
AL,AL_23,2,SI,SI,SI,SI,--,
AL,AL_23,3,SI,SI,SI,SI,--,
AL,AL_23,4,SI,SI,SI,SI,SI,"CAMREC: AL_23_L04-bis.camrec, AL_23_L04.camrec"
AL,AL_23,5,SI,SI,SI,SI,--,
AL,AL_23,6,SI,SI,SI,SI,--,
AL,AL_23,7,SI,SI,SI,SI,--,
AL,AL_23,8,SI,SI,SI,SI,--,
AL,AL_23,9,SI,SI,SI,SI,--,
AL,AL_23,10,SI,SI,SI,SI,--,
AL,AL_23,11,SI,SI,SI,SI,--,
AL,AL_23,12,SI,SI,SI,SI,--,
AL,AL_23,13,SI,SI,SI,SI,--,
AL,AL_23,14,SI,SI,SI,SI,--,
AL,AL_23,15,SI,SI,SI,SI,--,
AL,AL_23,16,SI,SI,SI,SI,--,
AL,AL_23,17,SI,SI,SI,SI,--,
AL,AL_23,18,SI,SI,SI,SI,--,
AL,AL_23,19,SI,SI,SI,SI,--,
AL,AL_23,20,SI,SI,SI,SI,--,
AL,AL_23,21,SI,SI,SI,SI,--,
AL,AL_23,22,SI,SI,SI,SI,--,
AL,AL_23,23,SI,SI,SI,SI,--,
AL,AL_23,24,SI,SI,SI,SI,--,
AL,AL_23,25,SI,SI,SI,SI,--,
AL,AL_23,26,SI,SI,SI,SI,--,
AL,AL_23,27,SI,SI,SI,SI,--,
AL,AL_23,28,SI,SI,SI,SI,--,
AL,AL_23,29,SI,SI,SI,SI,--,
AL,AL_23,30,SI,SI,SI,SI,--,
AL,AL_23,31,SI,SI,SI,SI,--,
AL,AL_23,32,SI,SI,SI,SI,--,
AL,AL_23,33,SI,SI,SI,SI,--,
AL,AL_23,34,SI,SI,SI,SI,--,
AL,AL_23,35,SI,SI,SI,SI,--,
AL,AL_23,36,SI,SI,SI,SI,--,
AL,AL_23,37,SI,SI,SI,SI,--,
AL,AL_23,38,SI,SI,SI,SI,--,
AL,AL_23,39,SI,SI,SI,SI,--,
AL,AL_23,40,SI,SI,SI,SI,--,
AL,AL_23,41,SI,SI,SI,SI,--,
AL,AL_23,42,SI,SI,SI,SI,--,
AL,AL_23,43,SI,SI,SI,SI,--,
AL,AL_23,44,SI,SI,SI,SI,--,
AL,AL_23,45,SI,SI,SI,SI,--,
AL,AL_23,46,SI,SI,SI,SI,--,
AL,AL_23,47,SI,SI,SI,SI,--,
AL,AL_23,48,SI,SI,SI,SI,--,
AL,AL_23,49,SI,SI,SI,SI,--,
AL,AL_23,50,SI,SI,SI,SI,--,
AL,AL_23,51,SI,SI,SI,SI,--,
AL,AL_23,52,SI,SI,SI,SI,--,
AL,AL_23,53,SI,SI,SI,SI,--,
AL,AL_23,54,SI,SI,SI,SI,--,
AL,AL_23,55,SI,SI,SI,SI,--,
AL,AL_23,56,SI,NO,SI,NO,NO,Missing storico documentato nel JS del corso
AL,AL_23,57,SI,SI,SI,SI,--,
AL,AL_23,58,SI,SI,SI,SI,--,
AL,AL_23,59,SI,SI,SI,SI,--,
AL,AL_23,60,SI,SI,SI,SI,--,
AL,AL_24,1,SI,SI,SI,SI,--,
AL,AL_24,2,SI,SI,SI,SI,--,
AL,AL_24,3,SI,SI,SI,SI,--,
AL,AL_24,4,SI,SI,SI,SI,--,
AL,AL_24,5,SI,SI,SI,SI,--,
AL,AL_24,6,SI,SI,SI,SI,--,
AL,AL_24,7,SI,SI,SI,SI,--,
AL,AL_24,8,SI,SI,SI,SI,--,
AL,AL_24,9,SI,SI,SI,SI,--,
AL,AL_24,10,SI,SI,SI,SI,--,
AL,AL_24,11,SI,SI,SI,SI,--,
AL,AL_24,12,SI,SI,SI,SI,--,
AL,AL_24,13,SI,SI,SI,SI,--,
AL,AL_24,14,SI,SI,SI,SI,--,
AL,AL_24,15,SI,SI,SI,SI,--,
AL,AL_24,16,SI,SI,SI,SI,--,
AL,AL_24,17,SI,SI,SI,SI,--,
AL,AL_24,18,SI,SI,SI,SI,--,
AL,AL_24,19,SI,SI,SI,SI,--,
AL,AL_24,20,SI,SI,SI,SI,--,
AL,AL_24,21,SI,SI,SI,SI,--,
AL,AL_24,22,SI,SI,SI,SI,--,
AL,AL_24,23,SI,SI,SI,SI,--,
AL,AL_24,24,SI,SI,SI,SI,--,
AL,AL_24,25,SI,SI,SI,SI,--,
AL,AL_24,26,SI,SI,SI,SI,--,
AL,AL_24,27,SI,SI,SI,SI,--,
AL,AL_24,28,SI,SI,SI,SI,--,
AL,AL_24,29,SI,SI,SI,SI,--,
AL,AL_24,30,SI,SI,SI,SI,--,
AL,AL_24,31,SI,SI,SI,SI,--,
AL,AL_24,32,SI,SI,SI,SI,--,
AL,AL_24,33,SI,SI,SI,SI,--,
AL,AL_24,34,SI,SI,SI,SI,--,
AL,AL_24,35,SI,SI,SI,SI,--,
AL,AL_24,36,SI,SI,SI,SI,--,
AL,AL_24,37,SI,SI,SI,SI,--,
AL,AL_24,38,SI,SI,SI,SI,--,
AL,AL_24,39,SI,SI,SI,SI,--,
AL,AL_24,40,SI,SI,SI,SI,--,
AL,AL_24,41,SI,SI,SI,SI,--,
AL,AL_24,42,SI,SI,SI,SI,--,
AL,AL_24,43,SI,SI,SI,SI,--,
AL,AL_24,44,SI,SI,SI,SI,--,
AL,AL_24,45,SI,SI,SI,SI,--,
AL,AL_24,46,SI,SI,SI,SI,--,
AL,AL_24,47,SI,SI,SI,SI,--,
AL,AL_24,48,SI,SI,SI,SI,--,
AL,AL_24,49,SI,SI,SI,SI,--,
AL,AL_24,50,SI,SI,SI,SI,--,
AL,AL_24,51,SI,SI,SI,SI,--,
AL,AL_24,52,SI,SI,SI,SI,--,
AL,AL_24,53,SI,SI,SI,SI,--,
AL,AL_24,54,SI,SI,SI,SI,--,
AL,AL_24,55,SI,SI,SI,SI,--,
AL,AL_24,56,SI,SI,SI,SI,--,
AL,AL_24,57,SI,SI,SI,SI,--,
AL,AL_24,58,SI,SI,SI,SI,--,
AL,AL_24,59,SI,SI,SI,SI,--,
AM12,AM12_07,1,SI,SI,?,?,--,
AM12,AM12_07,2,SI,SI,?,?,--,
AM12,AM12_07,3,SI,SI,?,?,--,
AM12,AM12_07,4,SI,SI,?,?,--,
AM12,AM12_07,5,SI,SI,?,?,--,
AM12,AM12_07,6,SI,SI,?,?,--,
AM12,AM12_07,7,SI,SI,?,?,--,
AM12,AM12_07,8,SI,SI,?,?,--,
AM12,AM12_07,9,SI,SI,?,?,--,
AM12,AM12_07,10,SI,SI,?,?,--,
AM12,AM12_07,11,SI,SI,?,?,--,
AM12,AM12_07,12,SI,SI,?,?,--,
AM12,AM12_07,13,SI,SI,?,?,--,
AM12,AM12_07,14,SI,SI,?,?,--,
AM12,AM12_07,15,SI,SI,?,?,--,
AM12,AM12_07,16,SI,SI,?,?,--,
AM12,AM12_07,17,SI,SI,?,?,--,
AM12,AM12_07,18,SI,SI,?,?,--,
AM12,AM12_07,19,SI,SI,?,?,--,
AM12,AM12_07,20,SI,SI,?,?,--,
AM12,AM12_07,21,SI,SI,?,?,--,
AM12,AM12_07,22,SI,SI,?,?,--,
AM12,AM12_07,23,SI,SI,?,?,--,
AM12,AM12_07,24,SI,SI,?,?,--,
AM12,AM12_07,25,SI,SI,?,?,--,
AM12,AM12_07,26,SI,SI,?,?,--,
AM12,AM12_07,27,SI,SI,?,?,--,
AM12,AM12_07,28,SI,SI,?,?,--,
AM12,AM12_07,29,SI,SI,?,?,--,
AM12,AM12_07,30,SI,SI,?,?,--,
AM12,AM12_07,31,SI,SI,?,?,--,
AM12,AM12_07,32,SI,SI,?,?,--,
AM12,AM12_07,33,SI,SI,?,?,--,
AM12,AM12_07,34,SI,SI,?,?,--,
AM12,AM12_07,35,SI,SI,?,?,--,
AM12,AM12_07,36,SI,SI,?,?,--,
AM12,AM12_07,37,SI,SI,?,?,--,
AM12,AM12_07,38,SI,SI,?,?,--,
AM12,AM12_07,39,SI,SI,?,?,--,
AM12,AM12_07,40,SI,SI,?,?,--,
AM12,AM12_07,41,SI,SI,?,?,--,
AM12,AM12_07,42,SI,SI,?,?,--,
AM12,AM12_07,43,SI,SI,?,?,--,
AM12,AM12_07,44,SI,SI,?,?,--,
AM12,AM12_07,45,SI,SI,?,?,--,
AM12,AM12_07,46,SI,SI,?,?,--,
AM12,AM12_07,47,SI,SI,?,?,--,
AM12,AM12_07,48,SI,SI,?,?,--,
AM12,AM12_07,49,SI,SI,?,?,--,
AM12,AM12_07,50,SI,SI,?,?,--,
AM12,AM12_07,51,SI,SI,?,?,--,
AM12,AM12_07,52,SI,SI,?,?,--,
AM12,AM12_07,53,SI,SI,?,?,--,
AM12,AM12_07,54,SI,SI,?,?,--,
AM12,AM12_07,55,SI,SI,?,?,--,
AM12,AM12_07,56,SI,SI,?,?,--,
AM12,AM12_07,57,SI,SI,?,?,--,
AM12,AM12_07,58,SI,SI,?,?,--,
AM12,AM12_07,59,SI,SI,?,?,--,
AM12,AM12_07,60,NO,NO,NO,NO,NO,Missing storico confermato; nessun materiale digitale disponibile
AM12,AM12_07,61,NO,NO,NO,NO,NO,Missing storico confermato; nessun materiale digitale disponibile
AM12,AM12_07,62,SI,SI,?,?,--,
AM12,AM12_07,63,SI,SI,?,?,--,
AM12,AM12_07,64,SI,SI,?,?,--,
AM12,AM12_07,65,SI,SI,?,?,--,
AM12,AM12_07,66,SI,SI,?,?,--,
AM12,AM12_07,67,SI,SI,?,?,--,
AM12,AM12_07,68,SI,SI,?,?,--,
AM12,AM12_07,69,SI,SI,?,?,--,
AM12,AM12_07,70,SI,SI,?,?,--,
AM12,AM12_07,71,SI,SI,?,?,--,
AM12,AM12_07,72,SI,SI,?,?,--,
AM12,AM12_07,73,SI,SI,?,?,--,
AM12,AM12_07,74,SI,SI,?,?,--,
AM12,AM12_07,75,SI,SI,?,?,--,
AM12,AM12_07,76,SI,SI,?,?,--,
AM12,AM12_07,77,SI,SI,?,?,--,
AM12,AM12_07,78,SI,SI,?,?,--,
AM12,AM12_07,79,SI,SI,?,?,--,
AM12,AM12_07,80,SI,SI,?,?,--,
AM12,AM12_07,81,SI,SI,?,?,--,
AM12,AM12_07,82,SI,SI,?,?,--,
AM12,AM12_07,83,SI,SI,?,?,--,
AM12,AM12_07,84,SI,SI,?,?,--,
AM12,AM12_07,85,SI,SI,?,?,--,
AM12,AM12_07,86,SI,SI,?,?,--,
AM12,AM12_07,87,SI,SI,?,?,--,
AM12,AM12_07,88,SI,SI,?,?,--,
AM12,AM12_07,89,SI,SI,?,?,--,
AM12,AM12_07,90,SI,SI,?,?,--,
AM12,AM12_07,91,SI,SI,?,?,--,
AM12,AM12_07,92,SI,SI,?,?,--,
AM12,AM12_07,93,SI,SI,?,?,--,
AM12,AM12_07,94,SI,SI,?,?,--,
AM12,AM12_07,95,SI,SI,?,?,--,
AM12,AM12_07,96,SI,SI,?,?,--,
AM12,AM12_07,97,SI,SI,?,?,--,
AM12,AM12_07,98,SI,SI,?,?,--,
AM12,AM12_07,99,SI,SI,?,?,--,
AM12,AM12_07,100,SI,SI,?,?,--,
AM12,AM12_08,1,SI,SI,?,?,--,
AM12,AM12_08,2,SI,SI,?,?,--,
AM12,AM12_08,3,SI,SI,?,?,--,
AM12,AM12_08,4,SI,SI,?,?,--,
AM12,AM12_08,5,SI,SI,?,?,--,
AM12,AM12_08,6,SI,SI,?,?,--,
AM12,AM12_08,7,SI,SI,?,?,--,
AM12,AM12_08,8,SI,SI,?,?,--,
AM12,AM12_08,9,SI,SI,?,?,--,
AM12,AM12_08,10,SI,SI,?,?,--,
AM12,AM12_08,11,SI,SI,?,?,--,
AM12,AM12_08,12,SI,SI,?,?,--,
AM12,AM12_08,13,SI,SI,?,?,--,
AM12,AM12_08,14,SI,SI,?,?,--,
AM12,AM12_08,15,SI,SI,?,?,--,
AM12,AM12_08,16,SI,SI,?,?,--,
AM12,AM12_08,17,SI,SI,?,?,--,
AM12,AM12_08,18,SI,SI,?,?,--,
AM12,AM12_08,19,SI,SI,?,?,--,
AM12,AM12_08,20,SI,SI,?,?,--,
AM12,AM12_08,21,SI,SI,?,?,--,
AM12,AM12_08,22,SI,SI,?,?,--,
AM12,AM12_08,23,SI,SI,?,?,--,
AM12,AM12_08,24,SI,SI,?,?,--,
AM12,AM12_08,25,SI,SI,?,?,--,
AM12,AM12_08,26,SI,SI,?,?,--,
AM12,AM12_08,27,SI,SI,?,?,--,
AM12,AM12_08,28,SI,SI,?,?,--,
AM12,AM12_08,29,SI,SI,?,?,--,
AM12,AM12_08,30,SI,SI,?,?,--,
AM12,AM12_08,31,SI,SI,?,?,--,
AM12,AM12_08,32,SI,SI,?,?,--,
AM12,AM12_08,33,SI,SI,?,?,--,
AM12,AM12_08,34,SI,SI,?,?,--,
AM12,AM12_08,35,SI,SI,?,?,--,
AM12,AM12_08,36,SI,SI,?,?,--,
AM12,AM12_08,37,SI,SI,?,?,--,
AM12,AM12_08,38,SI,SI,?,?,--,
AM12,AM12_08,39,SI,SI,?,?,--,
AM12,AM12_08,40,SI,SI,?,?,--,
AM12,AM12_08,41,SI,SI,?,?,--,
AM12,AM12_08,42,SI,SI,?,?,--,
AM12,AM12_08,43,SI,SI,?,?,--,
AM12,AM12_08,44,SI,SI,?,?,--,
AM12,AM12_08,45,SI,SI,?,?,--,
AM12,AM12_08,46,SI,SI,?,?,--,
AM12,AM12_08,47,SI,SI,?,?,--,
AM12,AM12_08,48,SI,SI,?,?,--,
AM12,AM12_08,49,SI,SI,?,?,--,
AM12,AM12_08,50,SI,SI,?,?,--,
AM12,AM12_08,51,SI,SI,?,?,--,
AM12,AM12_08,52,SI,SI,?,?,--,
AM12,AM12_08,53,SI,SI,?,?,--,
AM12,AM12_08,54,SI,SI,?,?,--,
AM12,AM12_08,55,SI,SI,?,?,--,
AM12,AM12_08,56,SI,SI,?,?,--,
AM12,AM12_08,57,SI,SI,?,?,--,
AM12,AM12_08,58,SI,SI,?,?,--,
AM12,AM12_08,59,SI,SI,?,?,--,
AM12,AM12_08,60,SI,SI,?,?,--,
AM12,AM12_08,61,SI,SI,?,?,--,
AM12,AM12_08,62,SI,SI,?,?,--,
AM12,AM12_08,63,SI,SI,?,?,--,
AM12,AM12_08,64,SI,SI,?,?,--,
AM12,AM12_08,65,SI,SI,?,?,--,
AM12,AM12_08,66,SI,SI,?,?,--,
AM12,AM12_08,67,SI,SI,?,?,--,
AM12,AM12_08,68,SI,SI,?,?,--,
AM12,AM12_08,69,SI,SI,?,?,--,
AM12,AM12_08,70,SI,SI,?,?,--,
AM12,AM12_08,71,SI,SI,?,?,--,
AM12,AM12_08,72,SI,SI,?,?,--,
AM12,AM12_08,73,SI,SI,?,?,--,
AM12,AM12_08,74,SI,SI,?,?,--,
AM12,AM12_08,75,SI,SI,?,?,--,
AM12,AM12_08,76,SI,SI,?,?,--,
AM12,AM12_08,77,SI,SI,?,?,--,
AM12,AM12_08,78,SI,SI,?,?,--,
AM12,AM12_08,79,SI,SI,?,?,--,
AM12,AM12_08,80,SI,SI,?,?,--,
AM12,AM12_08,81,SI,SI,?,?,--,
AM12,AM12_08,82,SI,SI,?,?,--,
AM12,AM12_08,83,SI,SI,?,?,--,
AM12,AM12_08,84,SI,SI,?,?,--,
AM12,AM12_08,85,SI,SI,?,?,--,
AM12,AM12_08,86,SI,SI,?,?,--,
AM12,AM12_08,87,SI,SI,?,?,--,
AM12,AM12_08,88,SI,SI,?,?,--,
AM12,AM12_08,89,SI,SI,?,?,--,
AM12,AM12_08,90,SI,SI,?,?,--,
AM12,AM12_08,91,SI,SI,?,?,--,
AM12,AM12_08,92,SI,SI,?,?,--,
AM12,AM12_08,93,SI,SI,?,?,--,
AM12,AM12_08,94,SI,SI,?,?,--,
AM12,AM12_08,95,SI,SI,?,?,--,
AM12,AM12_08,96,SI,SI,?,?,--,
AM12,AM12_08,97,SI,SI,?,?,--,
AM12,AM12_08,98,SI,SI,?,?,--,
AM12,AM12_08,99,SI,SI,?,?,--,
AM12,AM12_08,100,SI,SI,?,?,--,
AM1,AM1_09,1,SI,SI,?,?,--,
AM1,AM1_09,2,SI,SI,?,?,--,
AM1,AM1_09,3,SI,SI,?,?,--,
AM1,AM1_09,4,SI,SI,?,?,--,
AM1,AM1_09,5,SI,SI,?,?,--,
AM1,AM1_09,6,SI,SI,?,?,--,
AM1,AM1_09,7,SI,SI,?,?,--,
AM1,AM1_09,8,SI,SI,?,?,--,
AM1,AM1_09,9,SI,SI,?,?,--,
AM1,AM1_09,10,SI,SI,?,?,--,
AM1,AM1_09,11,SI,SI,?,?,--,
AM1,AM1_09,12,SI,SI,?,?,--,
AM1,AM1_09,13,SI,SI,?,?,--,
AM1,AM1_09,14,SI,SI,?,?,--,
AM1,AM1_09,15,SI,SI,?,?,--,
AM1,AM1_09,16,SI,SI,?,?,--,
AM1,AM1_09,17,SI,SI,?,?,--,
AM1,AM1_09,18,SI,SI,?,?,--,
AM1,AM1_09,19,SI,SI,?,?,--,
AM1,AM1_09,20,SI,SI,?,?,--,
AM1,AM1_09,21,SI,SI,?,?,--,
AM1,AM1_09,22,SI,SI,?,?,--,
AM1,AM1_09,23,SI,SI,?,?,--,
AM1,AM1_09,24,SI,SI,?,?,--,
AM1,AM1_09,25,SI,SI,?,?,--,
AM1,AM1_09,26,SI,SI,?,?,--,
AM1,AM1_09,27,SI,SI,?,?,--,
AM1,AM1_09,28,SI,SI,?,?,--,
AM1,AM1_09,29,SI,SI,?,?,--,
AM1,AM1_09,30,SI,SI,?,?,--,
AM1,AM1_09,31,SI,SI,?,?,--,
AM1,AM1_09,32,SI,SI,?,?,--,
AM1,AM1_09,33,SI,SI,?,?,--,
AM1,AM1_09,34,SI,SI,?,?,--,
AM1,AM1_09,35,SI,SI,?,?,--,
AM1,AM1_09,36,SI,SI,?,?,--,
AM1,AM1_09,37,SI,SI,?,?,--,
AM1,AM1_09,38,SI,SI,?,?,--,
AM1,AM1_09,39,SI,SI,?,?,--,
AM1,AM1_09,40,SI,SI,?,?,--,
AM1,AM1_09,41,SI,SI,?,?,--,
AM1,AM1_09,42,SI,SI,?,?,--,
AM1,AM1_09,43,SI,SI,?,?,--,
AM1,AM1_09,44,SI,SI,?,?,--,
AM1,AM1_09,45,SI,SI,?,?,--,
AM1,AM1_09,46,SI,SI,?,?,--,
AM1,AM1_09,47,SI,SI,?,?,--,
AM1,AM1_09,48,SI,SI,?,?,--,
AM1,AM1_09,49,SI,SI,?,?,--,
AM1,AM1_09,50,SI,SI,?,?,--,
AM1,AM1_09,51,SI,SI,?,?,--,
AM1,AM1_09,52,SI,SI,?,?,--,
AM1,AM1_09,53,SI,SI,?,?,--,
AM1,AM1_09,54,SI,SI,?,?,--,
AM1,AM1_09,55,SI,SI,?,?,--,
AM1,AM1_09,56,SI,SI,?,?,--,
AM1,AM1_09,57,SI,SI,?,?,--,
AM1,AM1_09,58,SI,SI,?,?,--,
AM1,AM1_09,59,SI,SI,?,?,--,
AM1,AM1_09,60,SI,SI,?,?,--,
AM1,AM1_09,61,SI,SI,?,?,--,
AM1,AM1_09,62,SI,SI,?,?,--,
AM1,AM1_09,63,SI,SI,?,?,--,
AM1,AM1_09,64,SI,SI,?,?,--,
AM1,AM1_09,65,SI,SI,?,?,--,
AM1,AM1_09,66,SI,SI,?,?,--,
AM1,AM1_09,67,SI,SI,?,?,--,
AM1,AM1_09,68,SI,SI,?,?,--,
AM1,AM1_09,69,SI,SI,?,?,--,
AM1,AM1_09,70,SI,SI,?,?,--,
AM1,AM1_09,71,SI,SI,?,?,--,
AM1,AM1_09,72,SI,SI,?,?,--,
AM1,AM1_09,73,SI,SI,?,?,--,
AM1,AM1_09,74,SI,SI,?,?,--,
AM1,AM1_09,75,SI,SI,?,?,--,
AM1,AM1_09,76,SI,SI,?,?,--,
AM1,AM1_09,77,SI,SI,?,?,--,
AM1,AM1_09,78,SI,SI,?,?,--,
AM1,AM1_09,79,SI,SI,?,?,--,
AM1,AM1_09,80,SI,SI,?,?,--,
AM1,AM1_09,81,SI,SI,?,?,--,
AM1,AM1_09,82,SI,SI,?,?,--,
AM1,AM1_09,83,SI,SI,?,?,--,
AM1,AM1_09,84,SI,SI,?,?,--,
AM1,AM1_09,85,SI,SI,?,?,--,
AM1,AM1_09,86,SI,SI,?,?,--,
AM1,AM1_09,87,SI,SI,?,?,--,
AM1,AM1_09,88,SI,SI,?,?,--,
AM1,AM1_09,89,SI,SI,?,?,--,
AM1,AM1_09,90,SI,SI,?,?,--,
AM1,AM1_09,91,SI,SI,?,?,--,
AM1,AM1_09,92,SI,SI,?,?,--,
AM1,AM1_09,93,SI,SI,?,?,--,
AM1,AM1_09,94,SI,SI,?,?,--,
AM1,AM1_09,95,SI,SI,?,?,--,
AM1,AM1_09,96,SI,SI,?,?,--,
AM1,AM1_09,97,SI,SI,?,?,--,
AM1,AM1_09,98,SI,SI,?,?,--,
AM1,AM1_09,99,SI,SI,?,?,--,
AM1,AM1_09,100,SI,SI,?,?,--,
AM1,AM1_09,101,SI,SI,?,?,--,
AM1,AM1_09,102,SI,SI,?,?,--,
AM1,AM1_09,103,SI,SI,?,?,--,
AM1,AM1_09,104,SI,SI,?,?,--,
AM1,AM1_09,105,SI,SI,?,?,--,
AM1,AM1_09,106,SI,SI,?,?,--,
AM1,AM1_09,107,SI,SI,?,?,--,
AM1,AM1_09,108,SI,SI,?,?,--,
AM1,AM1_09,109,SI,SI,?,?,--,
AM1,AM1_10,1,SI,SI,?,?,--,
AM1,AM1_10,2,SI,SI,?,?,--,
AM1,AM1_10,3,SI,SI,?,?,--,
AM1,AM1_10,4,SI,SI,?,?,--,
AM1,AM1_10,5,SI,SI,?,?,--,
AM1,AM1_10,6,SI,SI,?,?,--,
AM1,AM1_10,7,SI,SI,?,?,--,
AM1,AM1_10,8,SI,SI,?,?,--,
AM1,AM1_10,9,SI,SI,?,?,--,
AM1,AM1_10,10,SI,SI,?,?,--,
AM1,AM1_10,11,SI,SI,?,?,--,
AM1,AM1_10,12,SI,SI,?,?,--,
AM1,AM1_10,13,SI,SI,?,?,--,
AM1,AM1_10,14,SI,SI,?,?,--,
AM1,AM1_10,15,SI,SI,?,?,--,
AM1,AM1_10,16,SI,SI,?,?,--,
AM1,AM1_10,17,SI,SI,?,?,--,
AM1,AM1_10,18,SI,SI,?,?,--,
AM1,AM1_10,19,SI,SI,?,?,--,
AM1,AM1_10,20,SI,SI,?,?,--,
AM1,AM1_10,21,SI,SI,?,?,--,
AM1,AM1_10,22,SI,SI,?,?,--,
AM1,AM1_10,23,SI,SI,?,?,--,
AM1,AM1_10,24,SI,SI,?,?,--,
AM1,AM1_10,25,SI,SI,?,?,--,
AM1,AM1_10,26,SI,SI,?,?,--,
AM1,AM1_10,27,SI,SI,?,?,--,
AM1,AM1_10,28,SI,SI,?,?,--,
AM1,AM1_10,29,SI,SI,?,?,--,
AM1,AM1_10,30,SI,SI,?,?,--,
AM1,AM1_10,31,SI,SI,?,?,--,
AM1,AM1_10,32,SI,SI,?,?,--,
AM1,AM1_10,33,SI,SI,?,?,--,
AM1,AM1_10,34,SI,SI,?,?,--,
AM1,AM1_10,35,SI,SI,?,?,--,
AM1,AM1_10,36,SI,SI,?,?,--,
AM1,AM1_10,37,SI,SI,?,?,--,
AM1,AM1_10,38,SI,SI,?,?,--,
AM1,AM1_10,39,SI,SI,?,?,--,
AM1,AM1_10,40,SI,SI,?,?,--,
AM1,AM1_10,41,SI,SI,?,?,--,
AM1,AM1_10,42,SI,SI,?,?,--,
AM1,AM1_10,43,SI,SI,?,?,--,
AM1,AM1_10,44,SI,SI,?,?,--,
AM1,AM1_10,45,SI,SI,?,?,--,
AM1,AM1_10,46,SI,SI,?,?,--,
AM1,AM1_10,47,SI,NO,NO,NO,NO,Missing storico documentato nel JS del corso
AM1,AM1_10,48,SI,SI,?,?,--,
AM1,AM1_10,49,SI,SI,?,?,--,
AM1,AM1_10,50,SI,SI,?,?,--,
AM1,AM1_10,51,SI,SI,?,?,--,
AM1,AM1_10,52,SI,SI,?,?,--,
AM1,AM1_10,53,SI,SI,?,?,--,
AM1,AM1_10,54,SI,SI,?,?,--,
AM1,AM1_10,55,SI,SI,?,?,--,
AM1,AM1_10,56,SI,SI,?,?,--,
AM1,AM1_10,57,SI,SI,?,?,--,
AM1,AM1_10,58,SI,SI,?,?,--,
AM1,AM1_10,59,SI,SI,?,?,--,
AM1,AM1_10,60,SI,SI,?,?,--,
AM1,AM1_10,61,SI,SI,?,?,--,
AM1,AM1_10,62,SI,SI,?,?,--,
AM1,AM1_10,63,SI,SI,?,?,--,
AM1,AM1_10,64,SI,SI,?,?,--,
AM1,AM1_10,65,SI,SI,?,?,--,
AM1,AM1_10,66,SI,SI,?,?,--,
AM1,AM1_10,67,SI,SI,?,?,--,
AM1,AM1_10,68,SI,SI,?,?,--,
AM1,AM1_10,69,SI,SI,?,?,--,
AM1,AM1_10,70,SI,SI,?,?,--,
AM1,AM1_10,71,SI,SI,?,?,--,
AM1,AM1_10,72,SI,SI,?,?,--,
AM1,AM1_10,73,SI,SI,?,?,--,
AM1,AM1_10,74,SI,SI,?,?,--,
AM1,AM1_10,75,SI,SI,?,?,--,
AM1,AM1_10,76,SI,SI,?,?,--,
AM1,AM1_10,77,SI,SI,?,?,--,
AM1,AM1_10,78,SI,SI,?,?,--,
AM1,AM1_10,79,SI,SI,?,?,--,
AM1,AM1_10,80,SI,SI,?,?,--,
AM1,AM1_10,81,SI,SI,?,?,--,
AM1,AM1_10,82,SI,SI,?,?,--,
AM1,AM1_10,83,SI,SI,?,?,--,
AM1,AM1_10,84,SI,SI,?,?,--,
AM1,AM1_10,85,SI,SI,?,?,--,
AM1,AM1_10,86,SI,SI,?,?,--,
AM1,AM1_10,87,SI,SI,?,?,--,
AM1,AM1_10,88,SI,SI,?,?,--,
AM1,AM1_10,89,SI,SI,?,?,--,
AM1,AM1_10,90,SI,SI,?,?,--,
AM1,AM1_10,91,SI,SI,?,?,--,
AM1,AM1_10,92,SI,SI,?,?,--,
AM1,AM1_10,93,SI,SI,?,?,--,
AM1,AM1_10,94,SI,SI,?,?,--,
AM1,AM1_10,95,SI,SI,?,?,--,
AM1,AM1_10,96,SI,SI,?,?,--,
AM1,AM1_10,97,SI,SI,?,?,--,
AM1,AM1_10,98,SI,SI,?,?,--,
AM1,AM1_10,99,SI,SI,?,?,--,
AM1,AM1_10,100,SI,SI,?,?,--,
AM1,AM1_10,101,SI,SI,?,?,--,
AM1,AM1_10,102,SI,SI,?,?,--,
AM1,AM1_10,103,SI,SI,?,?,--,
AM1,AM1_10,104,SI,SI,?,?,--,
AM1,AM1_10,105,SI,SI,?,?,--,
AM1,AM1_10,106,SI,SI,?,?,--,
AM1,AM1_10,107,SI,SI,?,?,--,
AM1,AM1_10,108,SI,SI,?,?,--,
AM1,AM1_10,109,SI,SI,?,?,--,
AM1,AM1_10,110,SI,SI,?,?,--,
AM1,AM1_10,111,SI,SI,?,?,--,
AM1,AM1_11,1,SI,SI,?,?,--,
AM1,AM1_11,2,SI,SI,?,?,--,
AM1,AM1_11,3,SI,SI,?,?,--,
AM1,AM1_11,4,SI,SI,?,?,--,
AM1,AM1_11,5,SI,SI,?,?,--,
AM1,AM1_11,6,SI,SI,?,?,--,
AM1,AM1_11,7,SI,SI,?,?,--,
AM1,AM1_11,8,SI,SI,?,?,--,
AM1,AM1_11,9,SI,SI,?,?,--,
AM1,AM1_11,10,SI,SI,?,?,--,
AM1,AM1_11,11,SI,SI,?,?,--,
AM1,AM1_11,12,SI,SI,?,?,--,
AM1,AM1_11,13,SI,SI,?,?,--,
AM1,AM1_11,14,SI,SI,?,?,--,
AM1,AM1_11,15,SI,SI,?,?,--,
AM1,AM1_11,16,SI,SI,?,?,--,
AM1,AM1_11,17,SI,SI,?,?,--,
AM1,AM1_11,18,SI,SI,?,?,--,
AM1,AM1_11,19,SI,SI,?,?,--,
AM1,AM1_11,20,SI,SI,?,?,--,
AM1,AM1_11,21,SI,SI,?,?,--,
AM1,AM1_11,22,SI,SI,?,?,--,
AM1,AM1_11,23,SI,SI,?,?,--,
AM1,AM1_11,24,SI,SI,?,?,--,
AM1,AM1_11,25,SI,SI,?,?,--,
AM1,AM1_11,26,SI,SI,?,?,--,
AM1,AM1_11,27,SI,SI,?,?,--,
AM1,AM1_11,28,SI,SI,?,?,--,
AM1,AM1_11,29,SI,SI,?,?,--,
AM1,AM1_11,30,SI,SI,?,?,--,
AM1,AM1_11,31,SI,SI,?,?,--,
AM1,AM1_11,32,SI,SI,?,?,--,
AM1,AM1_11,33,SI,SI,?,?,--,
AM1,AM1_11,34,SI,SI,?,?,--,
AM1,AM1_11,35,SI,SI,?,?,--,
AM1,AM1_11,36,SI,SI,?,?,--,
AM1,AM1_11,37,SI,SI,?,?,--,
AM1,AM1_11,38,SI,SI,?,?,--,
AM1,AM1_11,39,SI,SI,?,?,--,
AM1,AM1_11,40,SI,SI,?,?,--,
AM1,AM1_11,41,SI,SI,?,?,--,
AM1,AM1_11,42,SI,SI,?,?,--,
AM1,AM1_11,43,SI,SI,?,?,--,
AM1,AM1_11,44,SI,SI,?,?,--,
AM1,AM1_11,45,SI,SI,?,?,--,
AM1,AM1_11,46,SI,SI,?,?,--,
AM1,AM1_11,47,SI,SI,?,?,--,
AM1,AM1_11,48,SI,SI,?,?,--,
AM1,AM1_11,49,SI,SI,?,?,--,
AM1,AM1_11,50,SI,SI,?,?,--,
AM1,AM1_11,51,SI,SI,?,?,--,
AM1,AM1_11,52,SI,SI,?,?,--,
AM1,AM1_11,53,SI,SI,?,?,--,
AM1,AM1_11,54,SI,SI,?,?,--,
AM1,AM1_11,55,SI,SI,?,?,--,
AM1,AM1_11,56,SI,SI,?,?,--,
AM1,AM1_11,57,SI,SI,?,?,--,
AM1,AM1_11,58,SI,SI,?,?,--,
AM1,AM1_11,59,SI,SI,?,?,--,
AM1,AM1_11,60,SI,SI,?,?,--,
AM1,AM1_11,61,SI,SI,?,?,--,
AM1,AM1_11,62,SI,SI,?,?,--,
AM1,AM1_11,63,SI,SI,?,?,--,
AM1,AM1_11,64,SI,SI,?,?,--,
AM1,AM1_11,65,SI,SI,?,?,--,
AM1,AM1_11,66,SI,SI,?,?,--,
AM1,AM1_11,67,SI,SI,?,?,--,
AM1,AM1_11,68,SI,SI,?,?,--,
AM1,AM1_11,69,SI,SI,?,?,--,
AM1,AM1_11,70,SI,SI,?,?,--,
AM1,AM1_11,71,SI,SI,?,?,--,
AM1,AM1_11,72,SI,SI,?,?,--,
AM1,AM1_11,73,SI,SI,?,?,--,
AM1,AM1_11,74,SI,SI,?,?,--,
AM1,AM1_11,75,SI,SI,?,?,--,
AM1,AM1_11,76,SI,SI,?,?,--,
AM1,AM1_11,77,SI,SI,?,?,--,
AM1,AM1_11,78,SI,SI,?,?,--,
AM1,AM1_11,79,SI,SI,?,?,--,
AM1,AM1_11,80,SI,SI,?,?,--,
AM1,AM1_11,81,SI,SI,?,?,--,
AM1,AM1_11,82,SI,SI,?,?,--,
AM1,AM1_11,83,SI,SI,?,?,--,
AM1,AM1_11,84,SI,SI,?,?,--,
AM1,AM1_11,85,SI,SI,?,?,--,
AM1,AM1_11,86,SI,SI,?,?,--,
AM1,AM1_11,87,SI,SI,?,?,--,
AM1,AM1_11,88,SI,SI,?,?,--,
AM1,AM1_11,89,SI,SI,?,?,--,
AM1,AM1_11,90,SI,SI,?,?,--,
AM1,AM1_11,91,SI,SI,?,?,--,
AM1,AM1_11,92,SI,SI,?,?,--,
AM1,AM1_11,93,SI,SI,?,?,--,
AM1,AM1_11,94,SI,SI,?,?,--,
AM1,AM1_11,95,SI,SI,?,?,--,
AM1,AM1_11,96,SI,SI,?,?,--,
AM1,AM1_11,97,SI,SI,?,?,--,
AM1,AM1_11,98,SI,SI,?,?,--,
AM1,AM1_11,99,SI,SI,?,?,--,
AM1,AM1_11,100,SI,SI,?,?,--,
AM1,AM1_11,101,SI,SI,?,?,--,
AM1,AM1_11,102,SI,SI,?,?,--,
AM1,AM1_11,103,SI,SI,?,?,--,
AM1,AM1_11,104,SI,SI,?,?,--,
AM1,AM1_11,105,SI,SI,?,?,--,
AM1,AM1_11,106,SI,SI,?,?,--,
AM1,AM1_11,107,SI,SI,?,?,--,
AM1,AM1_11,108,SI,SI,?,?,--,
AM1,AM1_11,109,SI,SI,?,?,--,
AM1,AM1_12,1,SI,SI,?,?,--,
AM1,AM1_12,2,SI,SI,?,?,--,
AM1,AM1_12,3,SI,SI,?,?,--,
AM1,AM1_12,4,SI,SI,?,?,--,
AM1,AM1_12,5,SI,SI,?,?,--,
AM1,AM1_12,6,SI,SI,?,?,--,
AM1,AM1_12,7,SI,SI,?,?,--,
AM1,AM1_12,8,SI,SI,?,?,--,
AM1,AM1_12,9,SI,SI,?,?,--,
AM1,AM1_12,10,SI,SI,?,?,--,
AM1,AM1_12,11,SI,SI,?,?,--,
AM1,AM1_12,12,SI,SI,?,?,--,
AM1,AM1_12,13,SI,SI,?,?,--,
AM1,AM1_12,14,SI,SI,?,?,--,
AM1,AM1_12,15,SI,SI,?,?,--,
AM1,AM1_12,16,SI,SI,?,?,--,
AM1,AM1_12,17,SI,SI,?,?,--,
AM1,AM1_12,18,SI,SI,?,?,--,
AM1,AM1_12,19,SI,SI,?,?,--,
AM1,AM1_12,20,SI,SI,?,?,--,
AM1,AM1_12,21,SI,SI,?,?,--,
AM1,AM1_12,22,SI,SI,?,?,--,
AM1,AM1_12,23,SI,SI,?,?,--,
AM1,AM1_12,24,SI,SI,?,?,--,
AM1,AM1_12,25,SI,SI,?,?,--,
AM1,AM1_12,26,SI,SI,?,?,--,
AM1,AM1_12,27,SI,SI,?,?,--,
AM1,AM1_12,28,SI,SI,?,?,--,
AM1,AM1_12,29,SI,SI,?,?,--,
AM1,AM1_12,30,SI,SI,?,?,--,
AM1,AM1_12,31,SI,SI,?,?,--,
AM1,AM1_12,32,SI,SI,?,?,--,
AM1,AM1_12,33,SI,SI,?,?,--,
AM1,AM1_12,34,SI,SI,?,?,--,
AM1,AM1_12,35,SI,SI,?,?,--,
AM1,AM1_12,36,SI,SI,?,?,--,
AM1,AM1_12,37,SI,SI,?,?,--,
AM1,AM1_12,38,SI,SI,?,?,--,
AM1,AM1_12,39,SI,SI,?,?,--,
AM1,AM1_12,40,SI,SI,?,?,--,
AM1,AM1_12,41,SI,SI,?,?,--,
AM1,AM1_12,42,SI,SI,?,?,--,
AM1,AM1_12,43,SI,SI,?,?,--,
AM1,AM1_12,44,SI,SI,?,?,--,
AM1,AM1_12,45,SI,SI,?,?,--,
AM1,AM1_12,46,SI,NO,NO,NO,NO,Missing storico documentato nel JS del corso
AM1,AM1_12,47,SI,SI,?,?,--,
AM1,AM1_12,48,SI,SI,?,?,--,
AM1,AM1_12,49,SI,SI,?,?,--,
AM1,AM1_12,50,SI,SI,?,?,--,
AM1,AM1_12,51,SI,SI,?,?,--,
AM1,AM1_12,52,SI,SI,?,?,--,
AM1,AM1_12,53,SI,SI,?,?,--,
AM1,AM1_12,54,SI,SI,?,?,--,
AM1,AM1_12,55,SI,SI,?,?,--,
AM1,AM1_12,56,SI,SI,?,?,--,
AM1,AM1_12,57,SI,SI,?,?,--,
AM1,AM1_12,58,SI,SI,?,?,--,
AM1,AM1_12,59,SI,SI,?,?,--,
AM1,AM1_12,60,SI,SI,?,?,--,
AM1,AM1_12,61,SI,SI,?,?,--,
AM1,AM1_12,62,SI,SI,?,?,--,
AM1,AM1_12,63,SI,SI,?,?,--,
AM1,AM1_12,64,SI,SI,?,?,--,
AM1,AM1_12,65,SI,SI,?,?,--,
AM1,AM1_12,66,SI,SI,?,?,--,
AM1,AM1_12,67,SI,SI,?,?,--,
AM1,AM1_12,68,SI,SI,?,?,--,
AM1,AM1_12,69,SI,SI,?,?,--,
AM1,AM1_12,70,SI,SI,?,?,--,
AM1,AM1_12,71,SI,SI,?,?,--,
AM1,AM1_12,72,SI,SI,?,?,--,
AM1,AM1_12,73,SI,SI,?,?,--,
AM1,AM1_12,74,SI,SI,?,?,--,
AM1,AM1_12,75,SI,SI,?,?,--,
AM1,AM1_12,76,SI,SI,?,?,--,
AM1,AM1_12,77,SI,SI,?,?,--,
AM1,AM1_12,78,SI,SI,?,?,--,
AM1,AM1_12,79,SI,SI,?,?,--,
AM1,AM1_12,80,SI,SI,?,?,--,
AM1,AM1_12,81,SI,SI,?,?,--,
AM1,AM1_12,82,SI,SI,?,?,--,
AM1,AM1_12,83,SI,SI,?,?,--,
AM1,AM1_12,84,SI,SI,?,?,--,
AM1,AM1_12,85,SI,SI,?,?,--,
AM1,AM1_12,86,SI,SI,?,?,--,
AM1,AM1_12,87,SI,SI,?,?,--,
AM1,AM1_12,88,SI,SI,?,?,--,
AM1,AM1_12,89,SI,SI,?,?,--,
AM1,AM1_12,90,SI,SI,?,?,--,
AM1,AM1_12,91,SI,SI,?,?,--,
AM1,AM1_12,92,SI,SI,?,?,--,
AM1,AM1_12,93,SI,SI,?,?,--,
AM1,AM1_12,94,SI,SI,?,?,--,
AM1,AM1_12,95,SI,SI,?,?,--,
AM1,AM1_12,96,SI,SI,?,?,--,
AM1,AM1_12,97,SI,SI,?,?,--,
AM1,AM1_12,98,SI,SI,?,?,--,
AM1,AM1_12,99,SI,SI,?,?,--,
AM1,AM1_12,100,SI,SI,?,?,--,
AM1,AM1_12,101,SI,SI,?,?,--,
AM1,AM1_12,102,SI,SI,?,?,--,
AM1,AM1_12,103,SI,SI,?,?,--,
AM1,AM1_12,104,SI,SI,?,?,--,
AM1,AM1_12,105,SI,SI,?,?,--,
AM1,AM1_12,106,SI,SI,?,?,--,
AM1,AM1_12,107,SI,SI,?,?,--,
AM1,AM1_12,108,SI,SI,?,?,--,
AM1,AM1_12,109,SI,SI,?,?,--,
AM1,AM1_12,110,SI,SI,?,?,--,
AM1,AM1_12,111,SI,SI,?,?,--,
AM1,AM1_13,1,SI,SI,SI,?,--,
AM1,AM1_13,2,SI,SI,SI,?,--,
AM1,AM1_13,3,SI,SI,SI,?,--,
AM1,AM1_13,4,SI,SI,SI,?,--,
AM1,AM1_13,5,SI,SI,SI,?,--,
AM1,AM1_13,6,SI,SI,SI,?,--,
AM1,AM1_13,7,SI,SI,SI,?,--,
AM1,AM1_13,8,SI,SI,SI,?,--,
AM1,AM1_13,9,SI,SI,SI,?,--,
AM1,AM1_13,10,SI,SI,SI,?,--,
AM1,AM1_13,11,SI,SI,SI,?,--,
AM1,AM1_13,12,SI,SI,SI,?,--,
AM1,AM1_13,13,SI,SI,SI,?,--,
AM1,AM1_13,14,SI,SI,SI,?,--,
AM1,AM1_13,15,SI,SI,SI,?,--,
AM1,AM1_13,16,SI,SI,SI,?,--,
AM1,AM1_13,17,SI,SI,SI,?,--,
AM1,AM1_13,18,SI,SI,SI,?,--,
AM1,AM1_13,19,SI,SI,SI,?,--,
AM1,AM1_13,20,SI,SI,SI,?,--,
AM1,AM1_13,21,SI,SI,SI,?,--,
AM1,AM1_13,22,SI,SI,SI,?,--,
AM1,AM1_13,23,SI,SI,SI,?,--,
AM1,AM1_13,24,SI,SI,SI,?,--,
AM1,AM1_13,25,SI,SI,SI,?,--,
AM1,AM1_13,26,SI,SI,SI,?,--,
AM1,AM1_13,27,SI,SI,SI,?,--,
AM1,AM1_13,28,SI,SI,SI,?,--,
AM1,AM1_13,29,SI,SI,SI,?,--,
AM1,AM1_13,30,SI,SI,SI,?,--,
AM1,AM1_13,31,SI,SI,SI,?,--,
AM1,AM1_13,32,SI,SI,SI,?,--,
AM1,AM1_13,33,SI,SI,SI,?,--,
AM1,AM1_13,34,SI,SI,SI,?,--,
AM1,AM1_13,35,SI,SI,SI,?,--,
AM1,AM1_13,36,SI,SI,SI,?,--,
AM1,AM1_13,37,SI,NO,SI,NO,NO,Missing storico documentato nel JS del corso
AM1,AM1_13,38,SI,SI,SI,?,--,
AM1,AM1_13,39,SI,SI,SI,?,--,
AM1,AM1_13,40,SI,SI,SI,?,--,
AM1,AM1_13,41,SI,SI,SI,?,--,
AM1,AM1_13,42,SI,SI,SI,?,--,
AM1,AM1_13,43,SI,SI,SI,?,--,
AM1,AM1_13,44,SI,SI,SI,?,--,
AM1,AM1_13,45,SI,SI,SI,?,--,
AM1,AM1_13,46,SI,SI,SI,?,--,
AM1,AM1_13,47,SI,SI,SI,?,--,
AM1,AM1_13,48,SI,SI,SI,?,--,
AM1,AM1_13,49,SI,SI,SI,?,--,
AM1,AM1_13,50,SI,SI,SI,?,--,
AM1,AM1_13,51,SI,SI,SI,?,--,
AM1,AM1_13,52,SI,SI,SI,?,--,
AM1,AM1_13,53,SI,SI,SI,?,--,
AM1,AM1_13,54,SI,SI,SI,?,--,
AM1,AM1_13,55,SI,SI,SI,?,--,
AM1,AM1_13,56,SI,SI,SI,?,--,
AM1,AM1_13,57,SI,SI,SI,?,--,
AM1,AM1_13,58,SI,SI,SI,?,--,
AM1,AM1_13,59,SI,SI,SI,?,--,
AM1,AM1_13,60,SI,SI,SI,?,--,
AM1,AM1_13,61,SI,SI,SI,?,--,
AM1,AM1_13,62,SI,SI,SI,?,--,
AM1,AM1_13,63,SI,SI,SI,?,--,
AM1,AM1_13,64,SI,SI,SI,?,--,
AM1,AM1_13,65,SI,SI,SI,?,--,
AM1,AM1_13,66,SI,SI,SI,?,--,
AM1,AM1_13,67,SI,SI,SI,?,--,
AM1,AM1_13,68,SI,SI,SI,?,--,
AM1,AM1_13,69,SI,SI,SI,?,--,
AM1,AM1_13,70,SI,SI,SI,?,--,
AM1,AM1_13,71,SI,SI,SI,?,--,
AM1,AM1_13,72,SI,SI,SI,?,--,
AM1,AM1_13,73,SI,SI,SI,?,--,
AM1,AM1_13,74,SI,SI,SI,?,--,
AM1,AM1_13,75,SI,SI,SI,?,--,
AM1,AM1_13,76,SI,SI,SI,?,--,
AM1,AM1_13,77,SI,SI,SI,?,--,
AM1,AM1_13,78,SI,SI,SI,?,--,
AM1,AM1_13,79,SI,SI,SI,?,--,
AM1,AM1_13,80,SI,SI,SI,?,--,
AM1,AM1_13,81,SI,SI,SI,?,--,
AM1,AM1_13,82,SI,SI,SI,?,--,
AM1,AM1_13,83,SI,SI,SI,?,--,
AM1,AM1_13,84,SI,SI,SI,?,--,
AM1,AM1_13,85,SI,SI,SI,?,--,
AM1,AM1_13,86,SI,SI,SI,?,--,
AM1,AM1_13,87,SI,SI,SI,?,--,
AM1,AM1_13,88,SI,SI,SI,?,--,
AM1,AM1_13,89,SI,SI,SI,?,--,
AM1,AM1_13,90,SI,SI,SI,?,--,
AM1,AM1_13,91,SI,SI,SI,?,--,
AM1,AM1_13,92,SI,SI,SI,?,--,
AM1,AM1_13,93,SI,SI,SI,?,--,
AM1,AM1_13,94,SI,NO,SI,NO,NO,Missing storico documentato nel JS del corso
AM1,AM1_13,95,SI,SI,SI,?,--,
AM1,AM1_13,96,SI,SI,SI,?,--,
AM1,AM1_13,97,SI,SI,SI,?,--,
AM1,AM1_13,98,SI,SI,SI,?,--,
AM1,AM1_13,99,SI,SI,SI,?,--,
AM1,AM1_13,100,SI,SI,SI,?,--,
AM1,AM1_13,101,SI,SI,SI,?,--,
AM1,AM1_13,102,SI,SI,SI,?,--,
AM1,AM1_13,103,SI,SI,SI,?,--,
AM1,AM1_13,104,SI,SI,SI,?,--,
AM1,AM1_13,105,SI,SI,SI,?,--,
AM1,AM1_13,106,SI,SI,SI,?,--,
AM1,AM1_13,107,SI,SI,SI,?,--,
AM1,AM1_13,108,SI,SI,SI,?,--,
AM1,AM1_13,109,SI,SI,SI,?,--,
AM1,AM1_15,1,SI,SI,SI,?,--,
AM1,AM1_15,2,SI,SI,SI,?,--,
AM1,AM1_15,3,SI,SI,SI,?,--,
AM1,AM1_15,4,SI,SI,SI,?,--,
AM1,AM1_15,5,SI,SI,SI,?,--,
AM1,AM1_15,6,SI,SI,SI,?,--,
AM1,AM1_15,7,SI,SI,SI,?,--,
AM1,AM1_15,8,SI,SI,SI,?,--,
AM1,AM1_15,9,SI,SI,SI,?,--,
AM1,AM1_15,10,SI,SI,SI,?,--,
AM1,AM1_15,11,SI,SI,SI,?,--,
AM1,AM1_15,12,SI,SI,SI,?,--,
AM1,AM1_15,13,SI,SI,SI,?,--,
AM1,AM1_15,14,SI,SI,SI,?,--,
AM1,AM1_15,15,SI,SI,SI,?,--,
AM1,AM1_15,16,SI,SI,SI,?,--,
AM1,AM1_15,17,SI,SI,SI,?,--,
AM1,AM1_15,18,SI,SI,SI,?,--,
AM1,AM1_15,19,SI,SI,SI,?,--,
AM1,AM1_15,20,SI,SI,SI,?,--,
AM1,AM1_15,21,SI,SI,SI,?,--,
AM1,AM1_15,22,SI,SI,SI,?,--,
AM1,AM1_15,23,SI,SI,SI,?,--,
AM1,AM1_15,24,SI,SI,SI,?,--,
AM1,AM1_15,25,SI,SI,SI,?,--,
AM1,AM1_15,26,SI,SI,SI,?,--,
AM1,AM1_15,27,SI,SI,SI,?,--,
AM1,AM1_15,28,SI,SI,SI,?,--,
AM1,AM1_15,29,SI,SI,SI,?,--,
AM1,AM1_15,30,SI,SI,SI,?,--,
AM1,AM1_15,31,SI,SI,SI,?,--,
AM1,AM1_15,32,SI,SI,SI,?,--,
AM1,AM1_15,33,SI,SI,SI,?,--,
AM1,AM1_15,34,SI,SI,SI,?,--,
AM1,AM1_15,35,SI,SI,SI,?,--,
AM1,AM1_15,36,SI,SI,SI,?,--,
AM1,AM1_15,37,SI,SI,SI,?,--,
AM1,AM1_15,38,SI,SI,SI,?,--,
AM1,AM1_15,39,SI,SI,SI,?,--,
AM1,AM1_15,40,SI,SI,SI,?,--,
AM1,AM1_15,41,SI,SI,SI,?,--,
AM1,AM1_15,42,SI,SI,SI,?,--,
AM1,AM1_15,43,SI,SI,SI,?,--,
AM1,AM1_15,44,SI,SI,SI,?,--,
AM1,AM1_15,45,SI,SI,SI,?,--,
AM1,AM1_15,46,SI,SI,SI,?,--,
AM1,AM1_15,47,SI,SI,SI,?,--,
AM1,AM1_15,48,SI,SI,SI,?,--,
AM1,AM1_15,49,SI,SI,SI,?,--,
AM1,AM1_15,50,SI,SI,SI,?,--,
AM1,AM1_15,51,SI,SI,SI,?,--,
AM1,AM1_15,52,SI,SI,SI,?,--,
AM1,AM1_15,53,SI,SI,SI,?,--,
AM1,AM1_15,54,SI,SI,SI,?,--,
AM1,AM1_15,55,SI,SI,SI,?,--,
AM1,AM1_15,56,SI,SI,SI,?,--,
AM1,AM1_15,57,SI,SI,SI,?,--,
AM1,AM1_15,58,SI,SI,SI,?,--,
AM1,AM1_15,59,SI,SI,SI,?,--,
AM1,AM1_15,60,SI,SI,SI,?,--,
AM1,AM1_15,61,SI,SI,SI,?,--,
AM1,AM1_15,62,SI,SI,SI,?,--,
AM1,AM1_15,63,SI,SI,SI,?,--,
AM1,AM1_15,64,SI,SI,SI,?,--,
AM1,AM1_15,65,SI,SI,SI,?,--,
AM1,AM1_15,66,SI,SI,SI,?,--,
AM1,AM1_15,67,SI,SI,SI,?,--,
AM1,AM1_15,68,SI,SI,SI,?,--,
AM1,AM1_15,69,SI,SI,SI,?,--,
AM1,AM1_15,70,SI,SI,SI,?,--,
AM1,AM1_15,71,SI,SI,SI,?,--,
AM1,AM1_15,72,SI,SI,SI,?,--,
AM1,AM1_15,73,SI,SI,SI,?,--,
AM1,AM1_15,74,SI,SI,SI,?,--,
AM1,AM1_15,75,SI,SI,SI,?,--,
AM1,AM1_15,76,SI,SI,SI,?,--,
AM1,AM1_15,77,SI,SI,SI,?,--,
AM1,AM1_15,78,SI,SI,SI,?,--,
AM1,AM1_15,79,SI,SI,SI,?,--,
AM1,AM1_15,80,SI,SI,SI,?,--,
AM1,AM1_15,81,SI,SI,SI,?,--,
AM1,AM1_15,82,SI,SI,SI,?,--,
AM1,AM1_15,83,SI,SI,SI,?,--,
AM1,AM1_15,84,SI,SI,SI,?,--,
AM1,AM1_15,85,SI,SI,SI,?,--,
AM1,AM1_15,86,SI,SI,SI,?,--,
AM1,AM1_15,87,SI,SI,SI,?,--,
AM1,AM1_15,88,SI,SI,SI,?,--,
AM1,AM1_15,89,SI,SI,SI,?,--,
AM1,AM1_15,90,SI,SI,SI,?,--,
AM1,AM1_15,91,SI,SI,SI,?,--,
AM1,AM1_15,92,SI,SI,SI,?,--,
AM1,AM1_15,93,SI,SI,SI,?,--,
AM1,AM1_15,94,SI,SI,SI,?,--,
AM1,AM1_15,95,SI,SI,SI,?,--,
AM1,AM1_15,96,SI,SI,SI,?,--,
AM1,AM1_15,97,SI,SI,SI,?,--,
AM1,AM1_15,98,SI,SI,SI,?,--,
AM1,AM1_15,99,SI,SI,SI,?,--,
AM1,AM1_15,100,SI,SI,SI,?,--,
AM1,AM1_15,101,SI,SI,SI,?,--,
AM1,AM1_15,102,SI,SI,SI,?,--,
AM1,AM1_15,103,SI,SI,SI,?,--,
AM1,AM1_15,104,SI,SI,SI,?,--,
AM1,AM1_15,105,SI,SI,SI,?,--,
AM1,AM1_15,106,SI,SI,SI,?,--,
AM1,AM1_15,107,SI,SI,SI,?,--,
AM1,AM1_15,108,SI,SI,SI,?,--,
AM1,AM1_15,109,SI,SI,SI,?,--,
AM1,AM1_15,110,SI,SI,SI,?,--,
AM1,AM1_15,111,SI,SI,SI,?,--,
AM1,AM1_15,112,SI,SI,SI,?,--,
AM1,AM1_15,113,SI,SI,SI,?,--,
AM1,AM1_15,114,SI,SI,SI,?,--,
AM1,AM1_15,115,SI,SI,SI,?,--,
AM1,AM1_15,116,SI,SI,SI,?,--,
AM1,AM1_15,117,SI,SI,SI,?,--,
AM1,AM1_15,118,SI,SI,SI,?,--,
AM1,AM1_15,119,SI,SI,SI,?,--,
AM1,AM1_15,120,SI,SI,SI,?,--,
AM1,AM1_15,121,SI,SI,SI,?,--,
AM1,AM1_15,122,SI,SI,SI,?,--,
AM1,AM1_15,123,SI,SI,SI,?,--,
AM1,AM1_15,124,SI,SI,SI,?,--,
AM1,AM1_15,125,SI,SI,SI,?,--,
AM1,AM1_15,126,SI,SI,SI,?,--,
AM1,AM1_15,127,SI,SI,SI,?,--,
AM1,AM1_15,128,SI,SI,SI,?,--,
AM1,AM1_15,129,SI,SI,SI,?,--,
AM1,AM1_15,130,SI,SI,SI,?,--,
AM1,AM1_15,131,SI,SI,SI,?,--,
AM1,AM1_15,132,SI,SI,SI,?,--,
AM1,AM1_15,133,SI,SI,SI,?,--,
AM1,AM1_17,1,SI,SI,SI,SI,--,
AM1,AM1_17,2,SI,SI,SI,SI,--,
AM1,AM1_17,3,SI,SI,SI,SI,--,
AM1,AM1_17,4,SI,SI,SI,SI,--,
AM1,AM1_17,5,SI,SI,SI,SI,--,
AM1,AM1_17,6,SI,SI,SI,SI,SI,
AM1,AM1_17,7,SI,SI,SI,SI,--,
AM1,AM1_17,8,SI,SI,SI,SI,--,
AM1,AM1_17,9,SI,SI,SI,SI,--,
AM1,AM1_17,10,SI,SI,SI,SI,--,
AM1,AM1_17,11,SI,SI,SI,SI,--,
AM1,AM1_17,12,SI,SI,SI,SI,--,
AM1,AM1_17,13,SI,SI,SI,SI,--,
AM1,AM1_17,14,SI,SI,SI,SI,--,
AM1,AM1_17,15,SI,SI,SI,SI,--,
AM1,AM1_17,16,SI,SI,SI,SI,--,
AM1,AM1_17,17,SI,SI,SI,SI,--,
AM1,AM1_17,18,SI,SI,SI,SI,--,
AM1,AM1_17,19,SI,SI,SI,SI,--,
AM1,AM1_17,20,SI,SI,SI,SI,--,
AM1,AM1_17,21,SI,SI,SI,SI,--,
AM1,AM1_17,22,SI,SI,SI,SI,--,
AM1,AM1_17,23,SI,SI,SI,SI,--,
AM1,AM1_17,24,SI,SI,SI,SI,--,
AM1,AM1_17,25,SI,SI,SI,SI,--,
AM1,AM1_17,26,SI,SI,SI,SI,--,
AM1,AM1_17,27,SI,SI,SI,SI,--,
AM1,AM1_17,28,SI,SI,SI,SI,--,
AM1,AM1_17,29,SI,SI,SI,SI,--,
AM1,AM1_17,30,SI,SI,SI,SI,--,
AM1,AM1_17,31,SI,SI,SI,SI,--,
AM1,AM1_17,32,SI,SI,SI,SI,--,
AM1,AM1_17,33,SI,SI,SI,SI,--,
AM1,AM1_17,34,SI,SI,SI,SI,--,
AM1,AM1_17,35,SI,SI,SI,SI,--,
AM1,AM1_17,36,SI,SI,SI,SI,--,
AM1,AM1_17,37,SI,SI,SI,SI,--,
AM1,AM1_17,38,SI,SI,SI,SI,--,
AM1,AM1_17,39,SI,SI,SI,SI,--,
AM1,AM1_17,40,SI,SI,SI,SI,--,
AM1,AM1_17,41,SI,SI,SI,SI,--,
AM1,AM1_17,42,SI,SI,SI,SI,--,
AM1,AM1_17,43,SI,SI,SI,SI,--,
AM1,AM1_17,44,SI,SI,SI,SI,--,
AM1,AM1_17,45,SI,SI,SI,SI,--,
AM1,AM1_17,46,SI,SI,SI,SI,--,
AM1,AM1_17,47,SI,SI,SI,SI,--,
AM1,AM1_17,48,SI,SI,SI,SI,--,
AM1,AM1_17,49,SI,SI,SI,SI,--,
AM1,AM1_17,50,SI,SI,SI,SI,--,
AM1,AM1_17,51,SI,SI,SI,SI,--,
AM1,AM1_17,52,SI,SI,SI,SI,--,
AM1,AM1_17,53,SI,SI,SI,SI,--,
AM1,AM1_17,54,SI,SI,SI,SI,--,
AM1,AM1_17,55,SI,SI,SI,SI,--,
AM1,AM1_17,56,SI,SI,SI,SI,--,
AM1,AM1_17,57,SI,SI,SI,SI,--,
AM1,AM1_17,58,SI,SI,SI,SI,--,
AM1,AM1_17,59,SI,SI,SI,SI,--,
AM1,AM1_17,60,SI,SI,SI,SI,--,
AM1,AM1_17,61,SI,SI,SI,SI,--,
AM1,AM1_17,62,SI,SI,SI,SI,--,
AM1,AM1_17,63,SI,SI,SI,SI,--,
AM1,AM1_17,64,SI,SI,SI,SI,--,
AM1,AM1_17,65,SI,SI,SI,SI,--,
AM1,AM1_17,66,SI,SI,SI,SI,--,
AM1,AM1_17,67,SI,SI,SI,SI,--,
AM1,AM1_17,68,SI,SI,SI,SI,--,
AM1,AM1_17,69,SI,SI,SI,SI,--,
AM1,AM1_17,70,SI,SI,SI,SI,--,
AM1,AM1_17,71,SI,SI,SI,SI,--,
AM1,AM1_17,72,SI,SI,SI,SI,--,
AM1,AM1_17,73,SI,SI,SI,SI,--,
AM1,AM1_17,74,SI,SI,SI,SI,--,
AM1,AM1_17,75,SI,SI,SI,SI,--,
AM1,AM1_17,76,SI,SI,SI,SI,--,
AM1,AM1_17,77,SI,SI,SI,SI,--,
AM1,AM1_17,78,SI,SI,SI,SI,--,
AM1,AM1_17,79,SI,SI,SI,SI,--,
AM1,AM1_17,80,SI,SI,SI,SI,--,
AM1,AM1_17,81,SI,SI,SI,SI,--,
AM1,AM1_17,82,SI,SI,SI,SI,--,
AM1,AM1_17,83,SI,SI,SI,SI,--,
AM1,AM1_17,84,SI,SI,SI,SI,--,
AM1,AM1_17,85,SI,SI,SI,SI,--,
AM1,AM1_17,86,SI,SI,SI,SI,--,
AM1,AM1_17,87,SI,SI,SI,SI,--,
AM1,AM1_17,88,SI,SI,SI,SI,--,
AM1,AM1_17,89,SI,SI,SI,SI,--,
AM1,AM1_17,90,SI,SI,SI,SI,--,
AM1,AM1_17,91,SI,SI,SI,SI,--,
AM1,AM1_17,92,SI,SI,SI,SI,--,
AM1,AM1_17,93,SI,SI,SI,SI,--,
AM1,AM1_17,94,SI,SI,SI,SI,--,
AM1,AM1_17,95,SI,SI,SI,SI,--,
AM1,AM1_17,96,SI,SI,SI,SI,--,
AM1,AM1_17,97,SI,SI,SI,SI,--,
AM1,AM1_17,98,SI,SI,SI,SI,--,
AM1,AM1_17,99,SI,SI,SI,SI,--,
AM1,AM1_17,100,SI,SI,SI,SI,--,
AM1,AM1_17,101,SI,SI,SI,SI,--,
AM1,AM1_17,102,SI,SI,SI,SI,--,
AM1,AM1_17,103,SI,SI,SI,SI,--,
AM1,AM1_17,104,SI,SI,SI,SI,--,
AM1,AM1_17,105,SI,SI,SI,SI,--,
AM1,AM1_17,106,SI,SI,SI,SI,--,
AM1,AM1_17,107,SI,SI,SI,SI,--,
AM1,AM1_17,108,SI,SI,SI,SI,--,
AM1,AM1_17,109,SI,SI,SI,SI,--,
AM1,AM1_17,110,SI,SI,SI,SI,--,
AM1,AM1_17,111,SI,SI,SI,SI,--,
AM1,AM1_17,112,SI,SI,SI,SI,--,
AM1,AM1_17,113,SI,SI,SI,SI,--,
AM1,AM1_17,114,SI,SI,SI,SI,--,
AM1,AM1_17,115,SI,SI,SI,SI,--,
AM1,AM1_17,116,SI,SI,SI,SI,--,
AM1,AM1_17,117,SI,SI,SI,SI,--,
AM1,AM1_17,118,SI,SI,SI,SI,--,
AM1,AM1_17,119,SI,SI,SI,SI,--,
AM1,AM1_17,120,SI,SI,SI,SI,--,
AM1,AM1_17,121,SI,SI,SI,SI,--,
AM1,AM1_17,122,SI,SI,SI,SI,--,
AM1,AM1_17,123,SI,SI,SI,SI,--,
AM1,AM1_17,124,SI,SI,SI,SI,--,
AM1,AM1_17,125,SI,SI,SI,SI,--,
AM1,AM1_17,126,SI,SI,SI,SI,--,
AM1,AM1_17,127,SI,SI,SI,SI,--,
AM1,AM1_17,128,SI,SI,SI,SI,--,
AM1,AM1_17,129,SI,SI,SI,SI,--,
AM1,AM1_17,130,SI,SI,SI,SI,--,
AM1,AM1_17,131,SI,SI,SI,SI,--,
AM1,AM1_17,132,SI,SI,SI,SI,--,
AM1,AM1_17,133,SI,SI,SI,SI,--,
AM1,AM1_17,134,SI,SI,SI,SI,--,
AM1,AM1_17,135,SI,SI,SI,SI,--,
AM1,AM1_25,1,SI,SI,SI,SI,--,
AM1,AM1_25,2,NO,NO,NO,NO,NO,Lezione svolta alla lavagna per problemi tecnici; nessun materiale digitale prodotto
AM1,AM1_25,3,NO,NO,NO,NO,NO,Lezione svolta alla lavagna per problemi tecnici; nessun materiale digitale prodotto
AM1,AM1_25,4,SI,SI,SI,SI,--,
AM1,AM1_25,5,SI,SI,SI,SI,--,
AM1,AM1_25,6,SI,SI,SI,SI,--,
AM1,AM1_25,7,SI,SI,SI,SI,--,
AM1,AM1_25,8,SI,SI,SI,SI,--,
AM1,AM1_25,9,SI,SI,SI,SI,--,
AM1,AM1_25,10,SI,SI,SI,SI,--,
AM1,AM1_25,11,SI,SI,SI,SI,--,
AM1,AM1_25,12,SI,SI,SI,SI,--,
AM1,AM1_25,13,SI,SI,SI,SI,--,
AM1,AM1_25,14,SI,SI,SI,SI,--,
AM1,AM1_25,15,SI,SI,SI,SI,--,
AM1,AM1_25,16,SI,SI,SI,SI,--,
AM1,AM1_25,17,SI,SI,SI,SI,--,
AM1,AM1_25,18,SI,SI,SI,SI,--,
AM1,AM1_25,19,SI,SI,SI,SI,--,
AM1,AM1_25,20,SI,SI,SI,SI,--,
AM1,AM1_25,21,SI,SI,SI,SI,--,
AM1,AM1_25,22,SI,SI,SI,SI,--,
AM1,AM1_25,23,SI,SI,SI,SI,--,
AM1,AM1_25,24,SI,SI,SI,SI,--,
AM1,AM1_25,25,SI,SI,SI,SI,--,
AM1,AM1_25,26,SI,SI,SI,SI,--,
AM1,AM1_25,27,SI,SI,SI,SI,--,
AM1,AM1_25,28,SI,SI,SI,SI,--,
AM1,AM1_25,29,SI,SI,SI,SI,--,
AM1,AM1_25,30,SI,SI,SI,SI,--,
AM1,AM1_25,31,SI,SI,SI,SI,--,
AM1,AM1_25,32,SI,SI,SI,SI,--,
AM1,AM1_25,33,SI,SI,SI,SI,--,
AM1,AM1_25,34,SI,SI,SI,SI,--,
AM1,AM1_25,35,SI,SI,SI,SI,--,
AM1,AM1_25,36,SI,SI,SI,SI,--,
AM1,AM1_25,37,SI,SI,SI,SI,--,
AM1,AM1_25,38,SI,SI,SI,SI,--,
AM1,AM1_25,39,SI,SI,SI,SI,--,
AM1,AM1_25,40,SI,SI,SI,SI,--,
AM1,AM1_25,41,SI,SI,SI,SI,--,
AM1,AM1_25,42,SI,SI,SI,SI,--,
AM1,AM1_25,43,SI,SI,SI,SI,--,
AM1,AM1_25,44,SI,SI,SI,SI,--,
AM1,AM1_25,45,SI,SI,SI,SI,--,
AM1,AM1_25,46,SI,SI,SI,SI,--,
AM1,AM1_25,47,SI,SI,SI,SI,--,
AM1,AM1_25,48,SI,SI,SI,SI,--,
AM1,AM1_25,49,SI,SI,SI,SI,--,
AM1,AM1_25,50,SI,SI,SI,SI,--,
AM1,AM1_25,51,SI,SI,SI,SI,--,
AM1,AM1_25,52,SI,SI,SI,SI,--,
AM1,AM1_25,53,SI,SI,SI,SI,--,
AM1,AM1_25,54,SI,SI,SI,SI,--,
AM1,AM1_25,55,SI,SI,SI,SI,--,
AM1,AM1_25,56,SI,SI,SI,SI,--,
AM1,AM1_25,57,SI,SI,SI,SI,--,
AM1,AM1_25,58,SI,SI,SI,SI,--,
AM1,AM1_25,59,SI,SI,SI,SI,--,
AM1,AM1_25,60,SI,SI,SI,SI,--,
AM1,AM1_25,61,SI,SI,SI,SI,--,
AM1,AM1_25,62,SI,SI,SI,SI,--,
AM1,AM1_25,63,SI,SI,SI,SI,--,
AM1,AM1_25,64,SI,SI,SI,SI,--,
AM1,AM1_25,65,SI,SI,SI,SI,--,
AM1,AM1_25,66,SI,SI,SI,SI,--,
AM1,AM1_25,67,SI,SI,SI,SI,--,
AM1,AM1_25,68,SI,SI,SI,SI,--,
AM1,AM1_25,69,SI,SI,SI,SI,--,
AM1,AM1_25,70,SI,SI,SI,SI,--,
AM1,AM1_25,71,SI,SI,SI,SI,--,
AM1,AM1_25,72,SI,SI,SI,SI,--,
AM1,AM1_25,73,SI,SI,SI,SI,--,
AM1,AM1_25,74,SI,SI,SI,SI,--,
AM1,AM1_25,75,SI,SI,SI,SI,--,
AM1,AM1_25,76,SI,SI,SI,SI,--,
AM1,AM1_25,77,SI,SI,SI,SI,--,
AM1,AM1_25,78,SI,SI,SI,SI,--,
AM1,AM1_25,79,SI,SI,SI,SI,--,
AM1,AM1_25,80,SI,SI,SI,SI,--,
AM1,AM1_25,81,SI,SI,SI,SI,--,
AM1,AM1_25,82,SI,SI,SI,SI,--,
AM1,AM1_25,83,SI,SI,SI,SI,--,
AM1,AM1_25,84,SI,SI,SI,SI,--,
AM1,AM1_25,85,SI,SI,SI,SI,--,
AM1,AM1_25,86,SI,SI,SI,SI,--,
AM1,AM1_25,87,SI,SI,SI,SI,--,
AM1,AM1_25,88,SI,SI,SI,SI,--,
AM1,AM1_25,89,SI,SI,SI,SI,--,
AM1,AM1_25,90,SI,SI,SI,SI,--,
AM1,AM1_25,91,SI,SI,SI,SI,--,
AM1,AM1_25,92,SI,SI,SI,SI,--,
AM1,AM1_25,93,SI,SI,SI,SI,--,
AM1,AM1_25,94,SI,SI,SI,SI,--,
AM1,AM1_25,95,SI,SI,SI,SI,--,
AM1,AM1_25,96,SI,SI,SI,SI,--,
AM1,AM1_25,97,SI,SI,SI,SI,--,
AM1,AM1_25,98,SI,SI,SI,SI,--,
AM1,AM1_25,99,SI,SI,SI,SI,--,
AM1,AM1_25,100,SI,SI,SI,SI,--,
AM1,AM1_25,101,SI,SI,SI,SI,--,
AM1,AM1_25,102,SI,SI,SI,SI,--,
AM1,AM1_25,103,SI,SI,SI,SI,--,
AM1,AM1_25,104,SI,SI,SI,SI,--,
AM1,AM1_25,105,SI,SI,SI,SI,--,
AM1,AM1_25,106,SI,SI,SI,SI,--,
AM1,AM1_25,107,SI,SI,SI,SI,--,
AM1,AM1_25,108,SI,SI,SI,SI,--,
AM1,AM1_25,109,SI,SI,SI,SI,--,
AM1,AM1_25,110,SI,SI,SI,SI,--,
AM1,AM1_25,111,SI,SI,SI,SI,--,
AM1,AM1_25,112,SI,SI,SI,SI,--,
AM1,AM1_25,113,SI,SI,SI,SI,--,
AM1,AM1_25,114,SI,SI,SI,SI,--,
AM1,AM1_25,115,SI,SI,SI,SI,--,
AM1,AM1_25,116,SI,SI,SI,SI,--,
AM1,AM1_25,117,SI,SI,SI,SI,--,
AM1,AM1_25,118,SI,SI,SI,SI,--,
AM1,AM1_25,119,SI,SI,SI,SI,--,
AM1,AM1_25,120,SI,SI,SI,SI,--,
AM1,AM1_26,1,SI,SI,SI,SI,--,
AM1,AM1_26,2,SI,SI,SI,SI,--,
AM1,AM1_26,3,SI,SI,SI,SI,--,
AM1,AM1_26,4,SI,SI,SI,SI,--,
AM1,AM1_26,5,SI,SI,SI,SI,--,
AM1,AM1_26,6,SI,SI,SI,SI,--,
AM1,AM1_26,7,SI,SI,SI,SI,--,
AM1,AM1_26,8,SI,SI,SI,SI,--,
AM1,AM1_26,9,SI,SI,SI,SI,--,
AM1,AM1_26,10,SI,SI,SI,SI,--,
AM1,AM1_26,11,SI,SI,SI,SI,--,
AM1,AM1_26,12,SI,SI,SI,?,SI,
AM1,AM1_26,13,SI,SI,SI,SI,--,
AM1,AM1_26,14,SI,SI,SI,SI,--,
AM1,AM1_26,15,SI,SI,SI,SI,--,
AM1,AM1_26,16,SI,SI,SI,SI,--,
AM1,AM1_26,17,SI,SI,SI,SI,--,
AM1,AM1_26,18,SI,SI,SI,SI,--,
AM1,AM1_26,19,SI,SI,SI,SI,--,
AM1,AM1_26,20,SI,SI,SI,SI,--,
AM1,AM1_26,21,SI,SI,SI,SI,--,
AM1,AM1_26,22,SI,SI,SI,SI,--,
AM1,AM1_26,23,SI,SI,SI,SI,--,
AM1,AM1_26,24,SI,SI,SI,SI,--,
AM1,AM1_26,25,SI,SI,SI,SI,--,
AM1,AM1_26,26,SI,SI,SI,SI,--,
AM1,AM1_26,27,SI,SI,SI,SI,--,
AM1,AM1_26,28,SI,SI,SI,SI,--,
AM1,AM1_26,29,SI,SI,SI,SI,--,
AM1,AM1_26,30,SI,SI,SI,SI,--,
AM1,AM1_26,31,SI,SI,SI,SI,--,
AM1,AM1_26,32,SI,SI,SI,SI,--,
AM1,AM1_26,33,SI,SI,SI,SI,--,
AM1,AM1_26,34,SI,SI,SI,SI,--,
AM1,AM1_26,35,SI,SI,SI,SI,--,
AM1,AM1_26,36,SI,SI,SI,SI,--,
AM1,AM1_26,37,SI,SI,SI,SI,--,
AM1,AM1_26,38,SI,SI,SI,SI,--,
AM1,AM1_26,39,SI,SI,SI,SI,--,
AM1,AM1_26,40,SI,SI,SI,SI,--,
AM1,AM1_26,41,SI,SI,SI,SI,--,
AM1,AM1_26,42,SI,SI,SI,SI,--,
AM1,AM1_26,43,SI,SI,SI,SI,--,
AM1,AM1_26,44,SI,SI,SI,SI,--,
AM1,AM1_26,45,SI,SI,SI,SI,--,
AM1,AM1_26,46,SI,SI,SI,SI,--,
AM1,AM1_26,47,SI,SI,SI,SI,--,
AM1,AM1_26,48,SI,SI,SI,SI,--,
AM1,AM1_26,49,SI,SI,SI,SI,--,
AM1,AM1_26,50,SI,SI,SI,SI,--,
AM1,AM1_26,51,SI,SI,SI,SI,--,
AM1,AM1_26,52,SI,SI,SI,SI,--,
AM1,AM1_26,53,SI,SI,SI,SI,--,
AM1,AM1_26,54,SI,SI,SI,SI,--,
AM1,AM1_26,55,SI,SI,SI,SI,--,
AM1,AM1_26,56,SI,SI,SI,SI,--,
AM1,AM1_26,57,SI,SI,SI,SI,--,
AM1,AM1_26,58,SI,SI,SI,SI,--,
AM1,AM1_26,59,SI,SI,SI,SI,--,
AM1,AM1_26,60,SI,SI,SI,SI,--,
AM1,AM1_26,61,SI,SI,SI,SI,--,
AM1,AM1_26,62,SI,SI,SI,SI,--,
AM1,AM1_26,63,SI,SI,SI,SI,--,
AM1,AM1_26,64,SI,SI,SI,SI,--,
AM1,AM1_26,65,SI,SI,SI,SI,--,
AM1,AM1_26,66,SI,SI,SI,SI,--,
AM1,AM1_26,67,SI,SI,SI,SI,--,
AM1,AM1_26,68,SI,SI,SI,SI,--,
AM1,AM1_26,69,SI,SI,SI,SI,--,
AM1,AM1_26,70,SI,SI,SI,SI,--,
AM1,AM1_26,71,SI,SI,SI,SI,--,
AM1,AM1_26,72,SI,SI,SI,SI,--,
AM1,AM1_26,73,SI,SI,SI,SI,--,
AM1,AM1_26,74,SI,SI,SI,SI,--,
AM1,AM1_26,75,SI,SI,SI,SI,--,
AM1,AM1_26,76,SI,SI,SI,SI,--,
AM1,AM1_26,77,SI,SI,SI,SI,--,
AM1,AM1_26,78,SI,SI,SI,SI,--,
AM1,AM1_26,79,SI,SI,SI,SI,--,
AM1,AM1_26,80,SI,SI,SI,SI,--,
AM1,AM1_26,81,SI,SI,SI,SI,--,
AM1,AM1_26,82,SI,SI,SI,SI,--,
AM1,AM1_26,83,SI,SI,SI,SI,--,
AM1,AM1_26,84,SI,SI,SI,SI,--,
AM1,AM1_26,85,SI,SI,SI,SI,--,
AM1,AM1_26,86,SI,SI,SI,SI,--,
AM1,AM1_26,87,SI,SI,SI,SI,--,
AM1,AM1_26,88,SI,SI,SI,SI,--,
AM1,AM1_26,89,SI,SI,SI,SI,--,
AM1,AM1_26,90,SI,SI,SI,SI,--,
AM1,AM1_26,91,SI,SI,SI,SI,--,
AM1,AM1_26,92,SI,SI,SI,SI,--,
AM1,AM1_26,93,SI,SI,SI,SI,--,
AM1,AM1_26,94,SI,SI,SI,SI,--,
AM1,AM1_26,95,SI,SI,SI,SI,--,
AM1,AM1_26,96,SI,SI,SI,SI,--,
AM1,AM1_26,97,SI,SI,SI,SI,--,
AM1,AM1_26,98,SI,SI,SI,SI,--,
AM1,AM1_26,99,SI,SI,SI,SI,--,
AM1,AM1_26,100,SI,SI,SI,SI,--,
AM1,AM1_26,101,SI,SI,SI,SI,--,
AM1,AM1_26,102,SI,SI,SI,SI,--,
AM1,AM1_26,103,SI,SI,SI,SI,--,
AM1,AM1_26,104,SI,SI,SI,SI,--,
AM1,AM1_26,105,SI,SI,SI,SI,--,
AM1,AM1_26,106,SI,SI,SI,SI,--,
AM1,AM1_26,107,SI,SI,SI,SI,--,
AM1,AM1_26,108,SI,SI,SI,SI,--,
AM1,AM1_26,109,SI,SI,SI,SI,--,
AM1,AM1_26,110,SI,SI,SI,SI,--,
AM1,AM1_26,111,SI,SI,SI,SI,--,
AM1,AM1_26,112,SI,SI,SI,SI,--,
AM1,AM1_26,113,SI,SI,SI,SI,--,
AM1,AM1_26,114,SI,SI,SI,SI,--,
AM1,AM1_26,115,SI,SI,SI,SI,--,
AM1,AM1_26,116,SI,SI,SI,SI,--,
AM1,AM1_26,117,SI,SI,SI,SI,--,
AM1,AM1_26,118,SI,SI,SI,SI,--,
AM1,AM1_26,119,SI,SI,SI,SI,--,
AM1,AM1_26,120,SI,SI,SI,SI,--,
AM1,AM1_26,121,SI,SI,SI,SI,--,
AM1,AM1_26,122,SI,SI,SI,SI,--,
AM1,AM1_26,123,SI,SI,SI,SI,--,
AM1,AM1_26,124,SI,SI,SI,SI,--,
AM1,AM1_26,125,SI,SI,SI,SI,--,
AM1,AM1_26,126,SI,SI,SI,SI,--,
AM1,AM1_26,127,SI,SI,SI,SI,--,
AM1,AM1_26,128,SI,SI,SI,SI,--,
AM1,AM1_26,129,SI,SI,SI,SI,--,
AM1,AM1_26,130,SI,SI,SI,SI,--,
AM2,AM2_07,1,SI,SI,?,?,--,
AM2,AM2_07,2,SI,SI,?,?,--,
AM2,AM2_07,3,SI,SI,?,?,--,
AM2,AM2_07,4,SI,SI,?,?,--,
AM2,AM2_07,5,SI,SI,?,?,--,
AM2,AM2_07,6,SI,SI,?,?,--,
AM2,AM2_07,7,SI,SI,?,?,--,
AM2,AM2_07,8,SI,SI,?,?,--,
AM2,AM2_07,9,SI,SI,?,?,--,
AM2,AM2_07,10,SI,SI,?,?,--,
AM2,AM2_07,11,SI,SI,?,?,--,
AM2,AM2_07,12,SI,SI,?,?,--,
AM2,AM2_07,13,SI,SI,?,?,--,
AM2,AM2_07,14,SI,SI,?,?,--,
AM2,AM2_07,15,SI,SI,?,?,--,
AM2,AM2_07,16,SI,SI,?,?,--,
AM2,AM2_07,17,SI,SI,?,?,--,
AM2,AM2_07,18,SI,SI,?,?,--,
AM2,AM2_07,19,SI,SI,?,?,--,
AM2,AM2_07,20,SI,SI,?,?,--,
AM2,AM2_07,21,SI,SI,?,?,--,
AM2,AM2_07,22,SI,SI,?,?,--,
AM2,AM2_07,23,SI,SI,?,?,--,
AM2,AM2_07,24,SI,SI,?,?,--,
AM2,AM2_07,25,SI,SI,?,?,--,
AM2,AM2_07,26,SI,SI,?,?,--,
AM2,AM2_07,27,SI,SI,?,?,--,
AM2,AM2_07,28,SI,SI,?,?,--,
AM2,AM2_07,29,SI,SI,?,?,--,
AM2,AM2_07,30,SI,SI,?,?,--,
AM2,AM2_07,31,SI,SI,?,?,--,
AM2,AM2_07,32,SI,SI,?,?,--,
AM2,AM2_07,33,SI,SI,?,?,--,
AM2,AM2_07,34,SI,SI,?,?,--,
AM2,AM2_07,35,SI,SI,?,?,--,
AM2,AM2_07,36,SI,SI,?,?,--,
AM2,AM2_07,37,SI,SI,?,?,--,
AM2,AM2_07,38,SI,SI,?,?,--,
AM2,AM2_07,39,SI,SI,?,?,--,
AM2,AM2_07,40,SI,SI,?,?,--,
AM2,AM2_07,41,NO,NO,NO,NO,NO,Missing storico documentato nel JS del corso
AM2,AM2_07,42,SI,SI,?,?,--,
AM2,AM2_07,43,SI,SI,?,?,--,
AM2,AM2_07,44,SI,SI,?,?,--,
AM2,AM2_07,45,SI,SI,?,?,--,
AM2,AM2_07,46,SI,SI,?,?,--,
AM2,AM2_07,47,SI,SI,?,?,--,
AM2,AM2_07,48,SI,SI,?,?,--,
AM2,AM2_07,49,NO,NO,NO,NO,NO,Missing storico documentato nel JS del corso
AM2,AM2_07,50,NO,NO,NO,NO,NO,Missing storico documentato nel JS del corso
AM2,AM2_14,1,SI,SI,SI,?,--,
AM2,AM2_14,2,SI,SI,SI,?,--,
AM2,AM2_14,3,SI,SI,SI,?,--,
AM2,AM2_14,4,SI,SI,SI,?,--,
AM2,AM2_14,5,SI,SI,SI,?,--,
AM2,AM2_14,6,SI,SI,SI,?,--,
AM2,AM2_14,7,SI,SI,SI,?,--,
AM2,AM2_14,8,SI,SI,SI,?,--,
AM2,AM2_14,9,SI,SI,SI,?,--,
AM2,AM2_14,10,SI,SI,SI,?,--,
AM2,AM2_14,11,SI,SI,SI,?,--,
AM2,AM2_14,12,SI,SI,SI,?,--,
AM2,AM2_14,13,SI,SI,SI,?,--,
AM2,AM2_14,14,SI,SI,SI,?,--,
AM2,AM2_14,15,SI,SI,SI,?,--,
AM2,AM2_14,16,SI,SI,SI,?,--,
AM2,AM2_14,17,SI,SI,SI,?,--,
AM2,AM2_14,18,SI,SI,SI,?,--,
AM2,AM2_14,19,SI,SI,SI,?,--,
AM2,AM2_14,20,SI,SI,SI,?,--,
AM2,AM2_14,21,SI,SI,SI,?,--,
AM2,AM2_14,22,SI,SI,SI,?,--,
AM2,AM2_14,23,SI,SI,SI,?,--,
AM2,AM2_14,24,SI,SI,SI,?,--,
AM2,AM2_14,25,SI,SI,SI,?,--,
AM2,AM2_14,26,SI,SI,SI,?,--,
AM2,AM2_14,27,SI,SI,SI,?,--,
AM2,AM2_14,28,SI,SI,SI,?,--,
AM2,AM2_14,29,SI,SI,SI,?,--,
AM2,AM2_14,30,SI,SI,SI,?,--,
AM2,AM2_14,31,SI,SI,SI,?,--,
AM2,AM2_14,32,SI,SI,SI,?,--,
AM2,AM2_14,33,SI,SI,SI,?,--,
AM2,AM2_14,34,SI,SI,SI,?,--,
AM2,AM2_14,35,SI,SI,SI,?,--,
AM2,AM2_14,36,SI,SI,SI,?,--,
AM2,AM2_14,37,SI,SI,SI,?,--,
AM2,AM2_14,38,SI,SI,SI,?,--,
AM2,AM2_14,39,SI,SI,SI,?,--,
AM2,AM2_14,40,SI,SI,SI,?,--,
AM2,AM2_14,41,SI,SI,?,?,--,
AM2,AM2_14,42,SI,SI,SI,?,--,
AM2,AM2_14,43,SI,SI,SI,?,--,
AM2,AM2_14,44,SI,SI,SI,?,--,
AM2,AM2_14,45,SI,SI,SI,?,--,
AM2,AM2_14,46,SI,SI,SI,?,--,
AM2,AM2_14,47,SI,SI,SI,?,--,
AM2,AM2_14,48,SI,SI,SI,?,--,
AM2,AM2_14,49,SI,SI,SI,?,--,
AM2,AM2_14,50,SI,SI,SI,?,--,
AM2,AM2_14,51,SI,SI,SI,?,--,
AM2,AM2_14,52,SI,SI,SI,?,--,
AM2,AM2_14,53,SI,SI,SI,?,--,
AM2,AM2_14,54,SI,SI,SI,?,--,
AM2,AM2_14,55,SI,SI,SI,?,--,
AM2,AM2_14,56,SI,SI,SI,?,--,
AM2,AM2_14,57,SI,SI,SI,?,--,
AM2,AM2_14,58,SI,SI,SI,?,--,
AM2,AM2_14,59,SI,SI,SI,?,--,
AM2,AM2_14,60,SI,SI,SI,?,--,
AM2,AM2_16,1,SI,SI,SI,?,--,
AM2,AM2_16,2,SI,SI,SI,?,--,
AM2,AM2_16,3,SI,SI,SI,?,--,
AM2,AM2_16,4,SI,SI,SI,?,--,
AM2,AM2_16,5,SI,SI,SI,?,--,
AM2,AM2_16,6,SI,SI,SI,?,--,
AM2,AM2_16,7,SI,SI,SI,?,--,
AM2,AM2_16,8,SI,SI,SI,?,--,
AM2,AM2_16,9,SI,SI,SI,?,--,
AM2,AM2_16,10,SI,SI,SI,?,--,
AM2,AM2_16,11,SI,SI,SI,?,--,
AM2,AM2_16,12,SI,SI,SI,?,--,
AM2,AM2_16,13,SI,SI,SI,?,--,
AM2,AM2_16,14,SI,SI,SI,?,--,
AM2,AM2_16,15,SI,SI,SI,?,--,
AM2,AM2_16,16,SI,SI,SI,?,--,
AM2,AM2_16,17,SI,SI,SI,?,--,
AM2,AM2_16,18,SI,SI,SI,?,--,
AM2,AM2_16,19,SI,SI,SI,?,--,
AM2,AM2_16,20,SI,SI,SI,?,--,
AM2,AM2_16,21,SI,SI,SI,?,--,
AM2,AM2_16,22,SI,SI,SI,?,--,
AM2,AM2_16,23,SI,SI,SI,?,--,
AM2,AM2_16,24,SI,SI,SI,?,--,
AM2,AM2_16,25,SI,SI,SI,?,--,
AM2,AM2_16,26,SI,SI,SI,?,--,
AM2,AM2_16,27,SI,SI,SI,?,--,
AM2,AM2_16,28,SI,SI,SI,?,--,
AM2,AM2_16,29,SI,SI,SI,?,--,
AM2,AM2_16,30,SI,SI,SI,?,--,
AM2,AM2_16,31,SI,SI,SI,?,--,
AM2,AM2_16,32,SI,SI,SI,?,--,
AM2,AM2_16,33,SI,SI,SI,?,--,
AM2,AM2_16,34,SI,SI,SI,?,--,
AM2,AM2_16,35,SI,SI,SI,?,--,
AM2,AM2_16,36,SI,SI,SI,?,--,
AM2,AM2_16,37,SI,SI,SI,?,--,
AM2,AM2_16,38,SI,SI,SI,?,--,
AM2,AM2_16,39,SI,SI,SI,?,--,
AM2,AM2_16,40,SI,SI,SI,?,--,
AM2,AM2_16,41,SI,SI,SI,?,--,
AM2,AM2_16,42,SI,SI,SI,?,--,
AM2,AM2_16,43,SI,SI,SI,?,--,
AM2,AM2_16,44,SI,SI,SI,?,--,
AM2,AM2_16,45,SI,SI,SI,?,--,
AM2,AM2_16,46,SI,SI,SI,?,--,
AM2,AM2_16,47,SI,SI,SI,?,--,
AM2,AM2_16,48,SI,SI,SI,?,--,
AM2,AM2_16,49,SI,SI,SI,?,--,
AM2,AM2_16,50,SI,SI,SI,?,--,
AM2,AM2_16,51,SI,SI,SI,?,--,
AM2,AM2_16,52,SI,SI,SI,?,--,
AM2,AM2_16,53,SI,SI,SI,?,--,
AM2,AM2_16,54,SI,SI,SI,?,--,
AM2,AM2_16,55,SI,SI,SI,?,--,
AM2,AM2_16,56,SI,SI,SI,?,--,
AM2,AM2_16,57,SI,SI,SI,?,--,
AM2,AM2_16,58,SI,SI,SI,?,--,
AM2,AM2_16,59,SI,SI,SI,?,--,
AM2,AM2_16,60,SI,SI,SI,?,--,
AM2,AM2_16,61,SI,SI,SI,?,--,
AM2,AM2_16,62,SI,SI,SI,NO,NO,Missing storico documentato nel JS del corso
AM2,AM2_16,63,SI,SI,SI,?,--,
AM2,AM2_16,64,SI,SI,SI,?,--,
AM2,AM2_16,65,SI,SI,SI,?,--,
AM2,AM2_16,66,SI,SI,SI,?,--,
AM2,AM2_16,67,SI,SI,SI,?,--,
AM2,AM2_16,68,SI,SI,SI,?,--,
AM2,AM2_16,69,SI,SI,SI,?,--,
AM2,AM2_16,70,SI,SI,SI,?,--,
AM2,AM2_16,71,SI,SI,SI,?,--,
AM2,AM2_16,72,SI,SI,SI,?,--,
AM2,AM2_16,73,SI,SI,SI,?,--,
AM2,AM2_16,74,SI,SI,SI,?,--,
AM2,AM2_16,75,SI,SI,SI,?,--,
AM2,AM2_16,76,SI,SI,SI,?,--,
AM2,AM2_16,77,SI,SI,SI,?,--,
AM2,AM2_16,78,SI,SI,SI,?,--,
AM2,AM2_16,79,SI,SI,SI,?,--,
AM2,AM2_16,80,SI,SI,SI,?,--,
AM2,AM2_16,81,SI,SI,SI,?,--,
AM2,AM2_16,82,SI,SI,SI,?,--,
AM2,AM2_16,83,SI,SI,SI,?,--,
AM2,AM2_16,84,SI,SI,SI,?,--,
AM2,AM2_16,85,SI,SI,SI,?,--,
AM2,AM2_16,86,SI,SI,SI,?,--,
AM2,AM2_16,87,SI,SI,SI,?,--,
AM2,AM2_16,88,SI,SI,SI,?,--,
AM2,AM2_16,89,SI,SI,SI,?,--,
AM2,AM2_16,90,SI,SI,SI,?,--,
AM2,AM2_16,91,SI,SI,SI,?,--,
AM2,AM2_16,92,SI,SI,SI,?,--,
AM2,AM2_16,93,SI,SI,SI,?,--,
AM2,AM2_16,94,SI,SI,SI,?,--,
AM2,AM2_16,95,SI,SI,SI,?,--,
AM2,AM2_16,96,SI,SI,SI,?,--,
AM2,AM2_16,97,SI,SI,SI,?,--,
AM2,AM2_16,98,SI,SI,SI,?,--,
AM2,AM2_16,99,SI,SI,SI,?,--,
AM2,AM2_16,100,SI,SI,SI,?,--,
AM2,AM2_16,101,SI,SI,SI,?,--,
AM2,AM2_16,102,SI,SI,SI,?,--,
AM2,AM2_16,103,SI,SI,SI,?,--,
AM2,AM2_16,104,SI,SI,SI,?,--,
AM2,AM2_16,105,SI,SI,SI,?,--,
AM2,AM2_16,106,SI,SI,SI,?,--,
AM2,AM2_16,107,SI,SI,SI,?,--,
AM2,AM2_16,108,SI,SI,SI,?,--,
AM2,AM2_16,109,SI,SI,SI,?,--,
AM2,AM2_16,110,SI,SI,SI,?,--,
AM2,AM2_16,111,SI,SI,SI,?,--,
AM2,AM2_16,112,SI,SI,SI,?,--,
AM2,AM2_16,113,SI,SI,SI,?,--,
AM2,AM2_16,114,SI,SI,SI,?,--,
AM2,AM2_16,115,SI,SI,SI,?,--,
AM2,AM2_16,116,SI,SI,SI,?,--,
AM2,AM2_16,117,SI,SI,SI,?,--,
AM2,AM2_16,118,SI,SI,SI,?,--,
AM2,AM2_16,119,SI,SI,SI,?,--,
AM2,AM2_16,120,SI,SI,SI,?,--,
AM2,AM2_16,121,SI,SI,SI,?,--,
AM2,AM2_16,122,SI,SI,SI,?,--,
AM2,AM2_16,123,SI,SI,SI,?,--,
AM2,AM2_16,124,SI,SI,SI,?,--,
AM2,AM2_16,125,SI,SI,SI,?,--,
AM2,AM2_16,126,SI,SI,SI,?,--,
AM2,AM2_16,127,SI,SI,SI,?,--,
AM2,AM2_16,128,SI,SI,SI,?,--,
AM2,AM2_16,129,SI,SI,SI,?,--,
AM2,AM2_16,130,SI,SI,SI,?,--,
AM2,AM2_16,131,SI,SI,SI,?,--,
AM2,AM2_16,132,SI,SI,SI,?,--,
AM2,AM2_16,133,SI,SI,SI,?,--,
AM2,AM2_16,134,SI,SI,SI,?,--,
AM2,AM2_16,135,SI,SI,SI,?,--,
AM2,AM2_16,136,SI,SI,SI,?,--,
AM2,AM2_16,137,SI,SI,SI,?,--,
AM2,AM2_16,138,SI,SI,SI,?,--,
AM2,AM2_18,1,SI,SI,SI,SI,--,
AM2,AM2_18,2,SI,SI,SI,SI,--,
AM2,AM2_18,3,SI,SI,SI,SI,--,
AM2,AM2_18,4,SI,SI,SI,SI,--,
AM2,AM2_18,5,SI,SI,SI,SI,--,
AM2,AM2_18,6,SI,SI,SI,SI,--,
AM2,AM2_18,7,SI,SI,SI,SI,--,
AM2,AM2_18,8,SI,SI,SI,SI,--,
AM2,AM2_18,9,SI,SI,SI,SI,--,
AM2,AM2_18,10,SI,SI,SI,SI,--,
AM2,AM2_18,11,SI,SI,SI,SI,--,
AM2,AM2_18,12,SI,SI,SI,SI,--,
AM2,AM2_18,13,SI,SI,SI,SI,--,
AM2,AM2_18,14,SI,SI,SI,SI,--,
AM2,AM2_18,15,SI,SI,SI,SI,--,
AM2,AM2_18,16,SI,SI,SI,SI,--,
AM2,AM2_18,17,SI,SI,SI,SI,--,
AM2,AM2_18,18,SI,SI,SI,SI,--,
AM2,AM2_18,19,SI,SI,SI,SI,--,
AM2,AM2_18,20,SI,SI,SI,SI,--,
AM2,AM2_18,21,SI,SI,SI,SI,--,
AM2,AM2_18,22,SI,SI,SI,SI,--,
AM2,AM2_18,23,SI,SI,SI,SI,--,
AM2,AM2_18,24,SI,SI,SI,SI,--,
AM2,AM2_18,25,SI,SI,SI,SI,--,
AM2,AM2_18,26,SI,SI,SI,SI,--,
AM2,AM2_18,27,SI,SI,SI,SI,--,
AM2,AM2_18,28,SI,SI,SI,SI,--,
AM2,AM2_18,29,SI,SI,SI,SI,--,
AM2,AM2_18,30,SI,SI,SI,SI,--,
AM2,AM2_18,31,SI,SI,SI,SI,--,
AM2,AM2_18,32,SI,SI,SI,SI,--,
AM2,AM2_18,33,SI,SI,SI,SI,--,
AM2,AM2_18,34,SI,SI,SI,SI,--,
AM2,AM2_18,35,SI,SI,SI,SI,--,
AM2,AM2_18,36,SI,SI,SI,SI,--,
AM2,AM2_18,37,SI,SI,SI,SI,--,
AM2,AM2_18,38,SI,SI,SI,SI,--,
AM2,AM2_18,39,SI,SI,SI,SI,--,
AM2,AM2_18,40,SI,SI,SI,SI,--,
AM2,AM2_18,41,SI,SI,SI,SI,--,
AM2,AM2_18,42,SI,SI,SI,SI,--,
AM2,AM2_18,43,SI,SI,SI,SI,--,
AM2,AM2_18,44,SI,SI,SI,SI,--,
AM2,AM2_18,45,SI,SI,SI,SI,--,
AM2,AM2_18,46,SI,SI,SI,SI,--,
AM2,AM2_18,47,SI,SI,SI,SI,--,
AM2,AM2_18,48,SI,SI,SI,SI,--,
AM2,AM2_18,49,SI,SI,SI,SI,--,
AM2,AM2_18,50,SI,SI,SI,SI,--,
AM2,AM2_18,51,SI,SI,SI,SI,--,
AM2,AM2_18,52,SI,SI,SI,SI,--,
AM2,AM2_18,53,SI,SI,SI,SI,--,
AM2,AM2_18,54,SI,SI,SI,SI,--,
AM2,AM2_18,55,SI,SI,SI,SI,--,
AM2,AM2_18,56,SI,SI,SI,SI,--,
AM2,AM2_18,57,SI,SI,SI,SI,--,
AM2,AM2_18,58,SI,SI,SI,SI,--,
AM2,AM2_18,59,SI,SI,SI,SI,--,
AM2,AM2_18,60,SI,SI,SI,SI,--,
AM2,AM2_18,61,SI,SI,SI,SI,--,
AM2,AM2_18,62,SI,SI,SI,SI,--,
AM2,AM2_18,63,SI,SI,SI,SI,--,
AM2,AM2_18,64,SI,SI,SI,SI,--,
AM2,AM2_18,65,SI,SI,SI,SI,--,
AM2,AM2_18,66,SI,SI,SI,SI,--,
AM2,AM2_18,67,SI,SI,SI,SI,--,
AM2,AM2_18,68,SI,SI,SI,SI,--,
AM2,AM2_18,69,SI,SI,SI,SI,--,
AM2,AM2_18,70,SI,SI,SI,SI,--,
AM2,AM2_18,71,SI,SI,SI,SI,--,
AM2,AM2_18,72,SI,SI,SI,SI,--,
AM2,AM2_18,73,SI,SI,SI,SI,--,
AM2,AM2_18,74,SI,SI,SI,SI,--,
AM2,AM2_18,75,SI,SI,SI,SI,--,
AM2,AM2_18,76,SI,SI,SI,SI,--,
AM2,AM2_18,77,SI,SI,SI,SI,--,
AM2,AM2_18,78,SI,SI,SI,SI,--,
AM2,AM2_18,79,SI,SI,SI,SI,--,
AM2,AM2_18,80,SI,SI,SI,SI,--,
AM2,AM2_18,81,SI,SI,SI,SI,--,
AM2,AM2_18,82,SI,SI,SI,SI,SI,
AM2,AM2_18,83,SI,SI,SI,SI,--,
AM2,AM2_18,84,SI,SI,SI,SI,--,
AM2,AM2_18,85,SI,SI,SI,SI,--,
AM2,AM2_18,86,SI,SI,SI,SI,--,
AM2,AM2_18,87,SI,SI,SI,SI,--,
AM2,AM2_18,88,SI,SI,SI,SI,--,
AM2,AM2_18,89,SI,SI,SI,SI,--,
AM2,AM2_18,90,SI,SI,SI,SI,--,
AM2,AM2_18,91,SI,SI,SI,SI,--,
AM2,AM2_18,92,SI,SI,SI,SI,--,
AM2,AM2_18,93,SI,SI,SI,SI,--,
AM2,AM2_18,94,SI,SI,SI,SI,--,
AM2,AM2_18,95,SI,SI,SI,SI,--,
AM2,AM2_18,96,SI,SI,SI,SI,--,
AM2,AM2_18,97,SI,SI,SI,SI,--,
AM2,AM2_18,98,SI,SI,SI,SI,--,
AM2,AM2_18,99,SI,SI,SI,SI,--,
AM2,AM2_18,100,SI,SI,SI,SI,--,
AM2,AM2_18,101,SI,SI,SI,SI,--,
AM2,AM2_18,102,SI,SI,SI,SI,--,
AM2,AM2_18,103,SI,SI,SI,SI,--,
AM2,AM2_18,104,SI,SI,SI,SI,--,
AM2,AM2_18,105,SI,SI,SI,SI,--,
AM2,AM2_18,106,SI,SI,SI,SI,--,
AM2,AM2_18,107,SI,SI,SI,SI,--,
AM2,AM2_18,108,SI,SI,SI,SI,--,
AM2,AM2_18,109,SI,SI,SI,SI,--,
AM2,AM2_18,110,SI,SI,SI,SI,--,
AM2,AM2_18,111,SI,SI,SI,SI,--,
AM2,AM2_18,112,SI,SI,SI,SI,--,
AM2,AM2_18,113,SI,SI,SI,SI,--,
AM2,AM2_18,114,SI,SI,SI,SI,--,
AM2,AM2_18,115,SI,SI,SI,SI,--,
AM2,AM2_18,116,SI,SI,SI,SI,--,
AM2,AM2_18,117,SI,SI,SI,SI,--,
AM2,AM2_18,118,SI,SI,SI,SI,--,
AM2,AM2_18,119,SI,SI,SI,SI,--,
AM2,AM2_18,120,SI,SI,SI,SI,--,
AM2,AM2_18,121,SI,SI,SI,SI,--,
AM2,AM2_18,122,SI,SI,SI,SI,--,
AM2,AM2_18,123,SI,SI,SI,SI,--,
AM2,AM2_18,124,SI,SI,SI,SI,--,
AM2,AM2_18,125,SI,SI,SI,SI,--,
AM2,AM2_18,126,SI,SI,SI,SI,--,
AM2,AM2_18,127,SI,SI,SI,SI,--,
AM2,AM2_18,128,SI,SI,SI,SI,--,
AM2,AM2_18,129,SI,SI,SI,SI,--,
AM2,AM2_20,1,SI,SI,SI,SI,--,
AM2,AM2_20,2,SI,SI,SI,SI,--,
AM2,AM2_20,3,SI,SI,SI,SI,--,
AM2,AM2_20,4,SI,SI,SI,SI,--,
AM2,AM2_20,5,SI,SI,SI,SI,--,
AM2,AM2_20,6,SI,SI,SI,SI,--,
AM2,AM2_20,7,SI,SI,SI,SI,--,
AM2,AM2_20,8,SI,SI,SI,SI,--,
AM2,AM2_20,9,SI,SI,SI,SI,--,
AM2,AM2_20,10,SI,SI,SI,SI,--,
AM2,AM2_20,11,SI,SI,SI,SI,--,
AM2,AM2_20,12,SI,SI,SI,SI,--,
AM2,AM2_20,13,SI,SI,SI,SI,--,
AM2,AM2_20,14,SI,SI,SI,SI,SI,"CAMREC: AM2_20_L14a.camrec, AM2_20_L14b.camrec"
AM2,AM2_20,15,SI,SI,SI,SI,--,
AM2,AM2_20,16,SI,SI,SI,SI,--,
AM2,AM2_20,17,SI,SI,SI,SI,--,
AM2,AM2_20,18,SI,SI,SI,SI,--,
AM2,AM2_20,19,SI,SI,SI,SI,--,
AM2,AM2_20,20,SI,SI,SI,SI,--,
AM2,AM2_20,21,SI,SI,SI,SI,SI,"CAMREC: AM2_20_L21a.camrec, AM2_20_L21b.camrec"
AM2,AM2_20,22,SI,SI,SI,SI,--,
AM2,AM2_20,23,SI,SI,SI,SI,--,
AM2,AM2_20,24,SI,SI,SI,SI,--,
AM2,AM2_20,25,SI,SI,SI,SI,--,
AM2,AM2_20,26,SI,SI,SI,SI,--,
AM2,AM2_20,27,SI,SI,SI,SI,--,
AM2,AM2_20,28,SI,SI,SI,SI,--,
AM2,AM2_20,29,SI,SI,SI,SI,--,
AM2,AM2_20,30,SI,SI,SI,SI,--,
AM2,AM2_20,31,SI,SI,SI,SI,--,
AM2,AM2_20,32,SI,SI,SI,SI,--,
AM2,AM2_20,33,SI,SI,SI,SI,--,
AM2,AM2_20,34,SI,SI,SI,SI,--,
AM2,AM2_20,35,SI,SI,SI,SI,--,
AM2,AM2_20,36,SI,SI,SI,SI,--,
AM2,AM2_20,37,SI,SI,SI,SI,--,
AM2,AM2_20,38,SI,SI,SI,SI,--,
AM2,AM2_20,39,SI,SI,SI,SI,--,
AM2,AM2_20,40,SI,SI,SI,SI,SI,"CAMREC: AM2_20_L40.camrec, AM2_20_L40b.camrec"
AM2,AM2_20,41,SI,SI,SI,SI,--,
AM2,AM2_20,42,SI,SI,SI,SI,--,
AM2,AM2_20,43,SI,SI,SI,SI,--,
AM2,AM2_20,44,SI,SI,SI,SI,--,
AM2,AM2_20,45,SI,SI,SI,SI,--,
AM2,AM2_20,46,SI,SI,SI,SI,--,
AM2,AM2_20,47,SI,SI,SI,SI,--,
AM2,AM2_20,48,SI,SI,SI,SI,--,
AM2,AM2_20,49,SI,SI,SI,SI,--,
AM2,AM2_20,50,SI,SI,SI,SI,--,
AM2,AM2_20,51,SI,SI,SI,SI,--,
AM2,AM2_20,52,SI,SI,SI,SI,--,
AM2,AM2_20,53,SI,SI,SI,SI,--,
AM2,AM2_20,54,SI,SI,SI,SI,--,
AM2,AM2_20,55,SI,SI,SI,SI,--,
AM2,AM2_20,56,SI,SI,SI,SI,--,
AM2,AM2_20,57,SI,SI,SI,SI,--,
AM2,AM2_20,58,SI,SI,SI,SI,--,
AM2,AM2_20,59,SI,SI,SI,SI,--,
AM2,AM2_20,60,SI,SI,SI,SI,--,
AM2,AM2_21,1,SI,NO,NO,NO,NO,"Corso PDF-only; AVI, JNT e recording non prodotti"
AM2,AM2_21,2,SI,NO,NO,NO,NO,"Corso PDF-only; AVI, JNT e recording non prodotti"
AM2,AM2_21,3,SI,NO,NO,NO,NO,"Corso PDF-only; AVI, JNT e recording non prodotti"
AM2,AM2_21,4,SI,NO,NO,NO,NO,"Corso PDF-only; AVI, JNT e recording non prodotti"
AM2,AM2_21,5,SI,NO,NO,NO,NO,"Corso PDF-only; AVI, JNT e recording non prodotti"
AM2,AM2_21,6,SI,NO,NO,NO,NO,"Corso PDF-only; AVI, JNT e recording non prodotti"
AM2,AM2_21,7,SI,NO,NO,NO,NO,"Corso PDF-only; AVI, JNT e recording non prodotti"
AM2,AM2_21,8,SI,NO,NO,NO,NO,"Corso PDF-only; AVI, JNT e recording non prodotti"
AM2,AM2_21,9,SI,NO,NO,NO,NO,"Corso PDF-only; AVI, JNT e recording non prodotti"
AM2,AM2_21,10,SI,NO,NO,NO,NO,"Corso PDF-only; AVI, JNT e recording non prodotti"
AM2,AM2_21,11,SI,NO,NO,NO,NO,"Corso PDF-only; AVI, JNT e recording non prodotti"
AM2,AM2_21,12,SI,NO,NO,NO,NO,"Corso PDF-only; AVI, JNT e recording non prodotti"
AM2,AM2_21,13,SI,NO,NO,NO,NO,"Corso PDF-only; AVI, JNT e recording non prodotti"
AM2,AM2_21,14,SI,NO,NO,NO,NO,"Corso PDF-only; AVI, JNT e recording non prodotti"
AM2,AM2_21,15,SI,NO,NO,NO,NO,"Corso PDF-only; AVI, JNT e recording non prodotti"
AM2,AM2_21,16,SI,NO,NO,NO,NO,"Corso PDF-only; AVI, JNT e recording non prodotti"
AM2,AM2_21,17,SI,NO,NO,NO,NO,"Corso PDF-only; AVI, JNT e recording non prodotti"
AM2,AM2_21,18,SI,NO,NO,NO,NO,"Corso PDF-only; AVI, JNT e recording non prodotti"
AM2,AM2_21,19,SI,NO,NO,NO,NO,"Corso PDF-only; AVI, JNT e recording non prodotti"
AM2,AM2_21,20,SI,NO,NO,NO,NO,"Corso PDF-only; AVI, JNT e recording non prodotti"
AM2,AM2_21,21,SI,NO,NO,NO,NO,"Corso PDF-only; AVI, JNT e recording non prodotti"
AM2,AM2_21,22,SI,NO,NO,NO,NO,"Corso PDF-only; AVI, JNT e recording non prodotti"
AM2,AM2_21,23,SI,NO,NO,NO,NO,"Corso PDF-only; AVI, JNT e recording non prodotti"
AM2,AM2_21,24,SI,NO,NO,NO,NO,"Corso PDF-only; AVI, JNT e recording non prodotti"
AM2,AM2_21,25,SI,NO,NO,NO,NO,"Corso PDF-only; AVI, JNT e recording non prodotti"
AM2,AM2_21,26,SI,NO,NO,NO,NO,"Corso PDF-only; AVI, JNT e recording non prodotti"
AM2,AM2_21,27,SI,NO,NO,NO,NO,"Corso PDF-only; AVI, JNT e recording non prodotti"
AM2,AM2_21,28,SI,NO,NO,NO,NO,"Corso PDF-only; AVI, JNT e recording non prodotti"
AM2,AM2_21,29,SI,NO,NO,NO,NO,"Corso PDF-only; AVI, JNT e recording non prodotti"
AM2,AM2_21,30,SI,NO,NO,NO,NO,"Corso PDF-only; AVI, JNT e recording non prodotti"
AM2,AM2_21,31,SI,NO,NO,NO,NO,"Corso PDF-only; AVI, JNT e recording non prodotti"
AM2,AM2_21,32,SI,NO,NO,NO,NO,"Corso PDF-only; AVI, JNT e recording non prodotti"
AM2,AM2_21,33,SI,NO,NO,NO,NO,"Corso PDF-only; AVI, JNT e recording non prodotti"
AM2,AM2_21,34,SI,NO,NO,NO,NO,"Corso PDF-only; AVI, JNT e recording non prodotti"
AM2,AM2_21,35,SI,NO,NO,NO,NO,"Corso PDF-only; AVI, JNT e recording non prodotti"
AM2,AM2_21,36,SI,NO,NO,NO,NO,"Corso PDF-only; AVI, JNT e recording non prodotti"
AM2,AM2_21,37,SI,NO,NO,NO,NO,"Corso PDF-only; AVI, JNT e recording non prodotti"
AM2,AM2_21,38,SI,NO,NO,NO,NO,"Corso PDF-only; AVI, JNT e recording non prodotti"
AM2,AM2_21,39,SI,NO,NO,NO,NO,"Corso PDF-only; AVI, JNT e recording non prodotti"
AM2,AM2_21,40,SI,NO,NO,NO,NO,"Corso PDF-only; AVI, JNT e recording non prodotti"
AM2,AM2_21,41,SI,NO,NO,NO,NO,"Corso PDF-only; AVI, JNT e recording non prodotti"
AM2,AM2_21,42,SI,NO,NO,NO,NO,"Corso PDF-only; AVI, JNT e recording non prodotti"
AM2,AM2_21,43,SI,NO,NO,NO,NO,"Corso PDF-only; AVI, JNT e recording non prodotti"
AM2,AM2_21,44,SI,NO,NO,NO,NO,"Corso PDF-only; AVI, JNT e recording non prodotti"
AM2,AM2_21,45,SI,NO,NO,NO,NO,"Corso PDF-only; AVI, JNT e recording non prodotti"
AM2,AM2_21,46,SI,NO,NO,NO,NO,"Corso PDF-only; AVI, JNT e recording non prodotti"
AM2,AM2_21,47,SI,NO,NO,NO,NO,"Corso PDF-only; AVI, JNT e recording non prodotti"
AM2,AM2_21,48,SI,NO,NO,NO,NO,"Corso PDF-only; AVI, JNT e recording non prodotti"
AM2,AM2_21,49,SI,NO,NO,NO,NO,"Corso PDF-only; AVI, JNT e recording non prodotti"
AM2,AM2_21,50,SI,NO,NO,NO,NO,"Corso PDF-only; AVI, JNT e recording non prodotti"
AM2,AM2_21,51,SI,NO,NO,NO,NO,"Corso PDF-only; AVI, JNT e recording non prodotti"
AM2,AM2_21,52,SI,NO,NO,NO,NO,"Corso PDF-only; AVI, JNT e recording non prodotti"
AM2,AM2_21,53,SI,NO,NO,NO,NO,"Corso PDF-only; AVI, JNT e recording non prodotti"
AM2,AM2_21,54,SI,NO,NO,NO,NO,"Corso PDF-only; AVI, JNT e recording non prodotti"
AM2,AM2_21,55,SI,NO,NO,NO,NO,"Corso PDF-only; AVI, JNT e recording non prodotti"
AM2,AM2_21,56,SI,NO,NO,NO,NO,"Corso PDF-only; AVI, JNT e recording non prodotti"
AM2,AM2_21,57,SI,NO,NO,NO,NO,"Corso PDF-only; AVI, JNT e recording non prodotti"
AM2,AM2_21,58,SI,NO,NO,NO,NO,"Corso PDF-only; AVI, JNT e recording non prodotti"
AM2,AM2_21,59,SI,NO,NO,NO,NO,"Corso PDF-only; AVI, JNT e recording non prodotti"
AM2,AM2_21,60,SI,NO,NO,NO,NO,"Corso PDF-only; AVI, JNT e recording non prodotti"
AM2,AM2_23,1,SI,SI,SI,SI,--,
AM2,AM2_23,2,SI,SI,SI,SI,--,
AM2,AM2_23,3,SI,SI,SI,SI,--,
AM2,AM2_23,4,SI,SI,SI,SI,--,
AM2,AM2_23,5,SI,SI,SI,SI,--,
AM2,AM2_23,6,SI,SI,SI,SI,--,
AM2,AM2_23,7,SI,SI,SI,SI,--,
AM2,AM2_23,8,SI,SI,SI,SI,--,
AM2,AM2_23,9,SI,SI,SI,SI,--,
AM2,AM2_23,10,SI,SI,SI,SI,--,
AM2,AM2_23,11,SI,SI,SI,SI,--,
AM2,AM2_23,12,SI,SI,SI,SI,--,
AM2,AM2_23,13,SI,SI,SI,SI,--,
AM2,AM2_23,14,SI,SI,SI,SI,--,
AM2,AM2_23,15,SI,SI,SI,SI,--,
AM2,AM2_23,16,SI,SI,SI,SI,--,
AM2,AM2_23,17,SI,SI,SI,SI,--,
AM2,AM2_23,18,SI,SI,SI,SI,--,
AM2,AM2_23,19,SI,SI,SI,SI,--,
AM2,AM2_23,20,SI,SI,SI,SI,--,
AM2,AM2_23,21,SI,SI,SI,SI,--,
AM2,AM2_23,22,SI,SI,SI,SI,--,
AM2,AM2_23,23,SI,SI,SI,SI,--,
AM2,AM2_23,24,SI,SI,SI,SI,--,
AM2,AM2_23,25,SI,SI,SI,SI,--,
AM2,AM2_23,26,SI,SI,SI,SI,--,
AM2,AM2_23,27,SI,SI,SI,SI,--,
AM2,AM2_23,28,SI,SI,SI,SI,--,
AM2,AM2_23,29,SI,SI,SI,SI,--,
AM2,AM2_23,30,SI,SI,SI,SI,--,
AM2,AM2_23,31,SI,SI,SI,SI,--,
AM2,AM2_23,32,SI,SI,SI,SI,--,
AM2,AM2_23,33,SI,SI,SI,SI,--,
AM2,AM2_23,34,SI,SI,SI,SI,--,
AM2,AM2_23,35,SI,SI,SI,SI,--,
AM2,AM2_23,36,SI,SI,SI,SI,--,
AM2,AM2_23,37,SI,SI,SI,SI,--,
AM2,AM2_23,38,SI,SI,SI,SI,--,
AM2,AM2_23,39,SI,SI,SI,SI,--,
AM2,AM2_23,40,SI,SI,SI,SI,--,
AM2,AM2_23,41,SI,SI,SI,SI,--,
AM2,AM2_23,42,SI,SI,SI,SI,--,
AM2,AM2_23,43,SI,SI,SI,SI,--,
AM2,AM2_23,44,SI,SI,SI,SI,--,
AM2,AM2_23,45,SI,SI,SI,SI,--,
AM2,AM2_23,46,SI,SI,SI,SI,--,
AM2,AM2_23,47,SI,SI,SI,SI,--,
AM2,AM2_23,48,SI,SI,SI,SI,--,
AM2,AM2_23,49,SI,SI,SI,SI,--,
AM2,AM2_23,50,SI,SI,SI,SI,--,
AM2,AM2_23,51,SI,SI,SI,SI,--,
AM2,AM2_23,52,SI,SI,SI,SI,--,
AM2,AM2_23,53,SI,SI,SI,SI,--,
AM2,AM2_23,54,SI,SI,SI,SI,--,
AM2,AM2_23,55,SI,SI,SI,SI,--,
AM2,AM2_23,56,SI,SI,SI,SI,--,
AM2,AM2_23,57,SI,SI,SI,SI,--,
AM2,AM2_23,58,SI,SI,SI,SI,--,
AM2,AM2_24,1,SI,NO,SI,NO,NO,Missing storico documentato nel JS del corso
AM2,AM2_24,2,SI,NO,SI,NO,NO,Missing storico documentato nel JS del corso
AM2,AM2_24,3,SI,SI,SI,SI,--,
AM2,AM2_24,4,SI,SI,SI,SI,--,
AM2,AM2_24,5,SI,SI,SI,SI,--,
AM2,AM2_24,6,SI,SI,SI,SI,--,
AM2,AM2_24,7,SI,SI,SI,SI,--,
AM2,AM2_24,8,SI,SI,SI,SI,--,
AM2,AM2_24,9,SI,SI,SI,SI,--,
AM2,AM2_24,10,SI,SI,SI,SI,--,
AM2,AM2_24,11,SI,SI,SI,SI,--,
AM2,AM2_24,12,SI,SI,SI,SI,--,
AM2,AM2_24,13,SI,SI,SI,SI,--,
AM2,AM2_24,14,SI,SI,SI,SI,--,
AM2,AM2_24,15,SI,SI,SI,SI,--,
AM2,AM2_24,16,SI,SI,SI,SI,--,
AM2,AM2_24,17,SI,SI,SI,SI,--,
AM2,AM2_24,18,SI,SI,SI,SI,--,
AM2,AM2_24,19,SI,SI,SI,SI,--,
AM2,AM2_24,20,SI,SI,SI,SI,--,
AM2,AM2_24,21,SI,SI,SI,SI,--,
AM2,AM2_24,22,SI,SI,SI,SI,--,
AM2,AM2_24,23,SI,SI,SI,SI,--,
AM2,AM2_24,24,SI,SI,SI,SI,--,
AM2,AM2_24,25,SI,SI,SI,SI,--,
AM2,AM2_24,26,SI,SI,SI,SI,--,
AM2,AM2_24,27,SI,SI,SI,SI,--,
AM2,AM2_24,28,SI,SI,SI,SI,--,
AM2,AM2_24,29,SI,SI,SI,SI,--,
AM2,AM2_24,30,SI,SI,SI,SI,--,
AM2,AM2_24,31,SI,SI,SI,SI,--,
AM2,AM2_24,32,SI,SI,SI,SI,--,
AM2,AM2_24,33,SI,SI,SI,SI,--,
AM2,AM2_24,34,SI,SI,SI,SI,--,
AM2,AM2_24,35,SI,SI,SI,SI,--,
AM2,AM2_24,36,SI,SI,SI,SI,--,
AM2,AM2_24,37,SI,SI,SI,SI,--,
AM2,AM2_24,38,SI,SI,SI,SI,--,
AM2,AM2_24,39,SI,SI,SI,SI,--,
AM2,AM2_24,40,SI,SI,SI,SI,--,
AM2,AM2_24,41,SI,SI,SI,SI,--,
AM2,AM2_24,42,SI,SI,SI,SI,--,
AM2,AM2_24,43,SI,SI,SI,SI,--,
AM2,AM2_24,44,SI,SI,SI,SI,--,
AM2,AM2_24,45,SI,SI,SI,SI,--,
AM2,AM2_24,46,SI,SI,SI,SI,--,
AM2,AM2_24,47,SI,SI,SI,SI,--,
AM2,AM2_24,48,SI,SI,SI,SI,--,
AM2,AM2_24,49,SI,SI,SI,SI,--,
AM2,AM2_24,50,SI,SI,SI,SI,--,
AM2,AM2_24,51,SI,SI,SI,SI,--,
AM2,AM2_24,52,SI,SI,SI,SI,--,
AM2,AM2_24,53,SI,SI,SI,SI,--,
AM2,AM2_24,54,SI,SI,SI,SI,--,
AM2,AM2_24,55,SI,SI,SI,SI,--,
AM2,AM2_24,56,SI,SI,SI,SI,--,
CdV,CdV_16,1,SI,SI,SI,?,--,
CdV,CdV_16,2,SI,SI,SI,?,--,
CdV,CdV_16,3,SI,SI,SI,?,--,
CdV,CdV_16,4,SI,SI,SI,?,--,
CdV,CdV_16,5,SI,SI,SI,?,--,
CdV,CdV_16,6,SI,SI,SI,?,--,
CdV,CdV_16,7,SI,SI,SI,?,--,
CdV,CdV_16,8,SI,SI,SI,?,--,
CdV,CdV_16,9,SI,SI,SI,?,--,
CdV,CdV_16,10,SI,SI,SI,?,--,
CdV,CdV_16,11,SI,SI,SI,?,--,
CdV,CdV_16,12,SI,SI,SI,?,--,
CdV,CdV_16,13,SI,SI,SI,?,--,
CdV,CdV_16,14,SI,SI,SI,?,--,
CdV,CdV_16,15,SI,SI,SI,?,--,
CdV,CdV_16,16,SI,SI,SI,?,--,
CdV,CdV_16,17,SI,SI,SI,?,--,
CdV,CdV_16,18,SI,SI,SI,?,--,
CdV,CdV_16,19,SI,SI,SI,?,--,
CdV,CdV_16,20,SI,SI,SI,?,--,
CdV,CdV_16,21,SI,SI,SI,?,--,
CdV,CdV_16,22,SI,SI,SI,?,--,
CdV,CdV_16,23,SI,SI,SI,?,--,
CdV,CdV_16,24,SI,SI,SI,?,--,
CdV,CdV_16,25,SI,SI,SI,?,--,
CdV,CdV_16,26,SI,SI,SI,?,--,
CdV,CdV_16,27,SI,SI,SI,?,--,
CdV,CdV_16,28,SI,SI,SI,?,--,
CdV,CdV_16,29,SI,SI,SI,?,--,
CdV,CdV_16,30,SI,SI,SI,?,--,
CdV,CdV_16,31,SI,SI,SI,?,--,
CdV,CdV_16,32,SI,SI,SI,?,--,
CdV,CdV_16,33,SI,SI,SI,?,--,
CdV,CdV_16,34,SI,SI,SI,?,--,
CdV,CdV_16,35,SI,SI,SI,?,--,
CdV,CdV_16,36,SI,SI,SI,?,--,
CdV,CdV_16,37,SI,SI,SI,?,--,
CdV,CdV_16,38,SI,SI,SI,?,--,
CdV,CdV_16,39,SI,SI,SI,?,--,
CdV,CdV_16,40,SI,SI,SI,?,--,
CdV,CdV_16,41,SI,SI,SI,?,--,
CdV,CdV_16,42,SI,SI,SI,?,--,
CdV,CdV_16,43,SI,SI,SI,?,--,
CdV,CdV_16,44,SI,SI,SI,?,--,
CdV,CdV_16,45,SI,SI,SI,?,--,
CdV,CdV_16,46,SI,SI,SI,?,--,
CdV,CdV_16,47,SI,SI,SI,?,--,
CdV,CdV_16,48,SI,SI,SI,?,--,
CdV,CdV_17,1,SI,SI,SI,SI,--,
CdV,CdV_17,2,SI,SI,SI,SI,--,
CdV,CdV_17,3,SI,SI,SI,SI,--,
CdV,CdV_17,4,SI,SI,SI,SI,--,
CdV,CdV_17,5,SI,SI,SI,SI,--,
CdV,CdV_17,6,SI,SI,SI,SI,--,
CdV,CdV_17,7,SI,SI,SI,SI,--,
CdV,CdV_17,8,SI,SI,SI,SI,--,
CdV,CdV_17,9,SI,SI,SI,SI,--,
CdV,CdV_17,10,SI,SI,SI,SI,--,
CdV,CdV_17,11,SI,SI,SI,SI,--,
CdV,CdV_17,12,SI,SI,SI,SI,--,
CdV,CdV_17,13,SI,SI,SI,SI,--,
CdV,CdV_17,14,SI,SI,SI,SI,--,
CdV,CdV_17,15,SI,SI,SI,SI,--,
CdV,CdV_17,16,SI,SI,SI,SI,--,
CdV,CdV_17,17,SI,SI,SI,SI,--,
CdV,CdV_17,18,SI,SI,SI,SI,--,
CdV,CdV_17,19,SI,SI,SI,SI,--,
CdV,CdV_17,20,SI,SI,SI,SI,--,
CdV,CdV_17,21,SI,SI,SI,SI,--,
CdV,CdV_17,22,SI,SI,SI,SI,--,
CdV,CdV_17,23,SI,SI,SI,SI,--,
CdV,CdV_17,24,SI,SI,SI,SI,--,
CdV,CdV_17,25,SI,SI,SI,SI,--,
CdV,CdV_17,26,SI,SI,SI,SI,--,
CdV,CdV_17,27,SI,SI,SI,SI,--,
CdV,CdV_17,28,SI,SI,SI,SI,--,
CdV,CdV_17,29,SI,SI,SI,SI,--,
CdV,CdV_17,30,SI,SI,SI,SI,--,
CdV,CdV_17,31,SI,SI,SI,SI,--,
CdV,CdV_17,32,SI,SI,SI,SI,--,
CdV,CdV_17,33,SI,SI,SI,SI,--,
CdV,CdV_17,34,SI,SI,SI,SI,--,
CdV,CdV_17,35,SI,SI,SI,SI,--,
CdV,CdV_17,36,SI,SI,SI,SI,--,
CdV,CdV_17,37,SI,SI,SI,SI,--,
CdV,CdV_17,38,SI,SI,SI,SI,--,
CdV,CdV_17,39,SI,SI,SI,SI,--,
CdV,CdV_17,40,SI,SI,SI,SI,--,
CdV,CdV_17,41,SI,SI,SI,SI,--,
CdV,CdV_17,42,SI,SI,SI,SI,--,
CdV,CdV_17,43,SI,SI,SI,SI,--,
CdV,CdV_17,44,SI,SI,SI,SI,--,
CdV,CdV_17,45,SI,SI,SI,SI,--,
CdV,CdV_17,46,SI,SI,SI,SI,--,
CdV,CdV_17,47,SI,SI,SI,SI,--,
CdV,CdV_17,48,SI,SI,SI,SI,--,
CdV,CdV_18,1,SI,SI,SI,SI,--,
CdV,CdV_18,2,SI,SI,SI,SI,--,
CdV,CdV_18,3,SI,SI,SI,SI,--,
CdV,CdV_18,4,SI,SI,SI,SI,--,
CdV,CdV_18,5,SI,SI,SI,SI,--,
CdV,CdV_18,6,SI,SI,SI,SI,--,
CdV,CdV_18,7,SI,SI,SI,SI,--,
CdV,CdV_18,8,SI,SI,SI,SI,--,
CdV,CdV_18,9,SI,SI,SI,SI,--,
CdV,CdV_18,10,SI,SI,SI,SI,--,
CdV,CdV_18,11,SI,SI,SI,SI,--,
CdV,CdV_18,12,SI,SI,SI,SI,--,
CdV,CdV_18,13,SI,SI,SI,SI,--,
CdV,CdV_18,14,SI,SI,SI,SI,--,
CdV,CdV_18,15,SI,SI,SI,SI,--,
CdV,CdV_18,16,SI,SI,SI,SI,--,
CdV,CdV_18,17,SI,SI,SI,SI,--,
CdV,CdV_18,18,SI,SI,SI,SI,--,
CdV,CdV_18,19,SI,SI,SI,SI,--,
CdV,CdV_18,20,SI,SI,SI,SI,--,
CdV,CdV_18,21,SI,SI,SI,SI,--,
CdV,CdV_18,22,SI,SI,SI,SI,--,
CdV,CdV_18,23,SI,SI,SI,SI,--,
CdV,CdV_18,24,SI,SI,SI,SI,--,
CdV,CdV_18,25,SI,SI,SI,SI,--,
CdV,CdV_18,26,SI,SI,SI,SI,--,
CdV,CdV_18,27,SI,SI,SI,SI,--,
CdV,CdV_18,28,SI,SI,SI,SI,--,
CdV,CdV_18,29,SI,SI,SI,SI,--,
CdV,CdV_18,30,SI,SI,SI,SI,--,
CdV,CdV_18,31,SI,SI,SI,SI,--,
CdV,CdV_18,32,SI,SI,SI,SI,--,
CdV,CdV_18,33,SI,SI,SI,SI,--,
CdV,CdV_18,34,SI,SI,SI,SI,--,
CdV,CdV_18,35,SI,SI,SI,SI,--,
CdV,CdV_18,36,SI,SI,SI,SI,--,
CdV,CdV_18,37,SI,SI,SI,SI,--,
CdV,CdV_18,38,SI,SI,SI,SI,--,
CdV,CdV_18,39,SI,SI,SI,SI,--,
CdV,CdV_18,40,SI,SI,SI,SI,--,
CdV,CdV_18,41,SI,SI,SI,SI,--,
CdV,CdV_18,42,SI,SI,SI,SI,--,
CdV,CdV_18,43,SI,SI,SI,SI,--,
CdV,CdV_18,44,SI,SI,SI,SI,--,
CdV,CdV_18,45,SI,SI,SI,SI,--,
CdV,CdV_18,46,SI,SI,SI,SI,--,
CdV,CdV_18,47,SI,SI,SI,SI,--,
CdV,CdV_18,48,SI,SI,SI,SI,--,
Freiberg,Freiberg_17,1,SI,SI,SI,SI,--,
Freiberg,Freiberg_17,2,SI,SI,SI,SI,--,
Freiberg,Freiberg_17,3,SI,SI,SI,SI,--,
Freiberg,Freiberg_17,4,SI,SI,SI,SI,--,
Freiberg,Freiberg_17,5,SI,SI,SI,SI,--,
Freiberg,Freiberg_17,6,SI,SI,SI,SI,--,
Freiberg,Freiberg_17,7,SI,SI,SI,SI,--,
Freiberg,Freiberg_17,8,SI,SI,SI,SI,--,
IstAM,IstAM_19,1,SI,SI,SI,SI,--,
IstAM,IstAM_19,2,SI,SI,SI,SI,--,
IstAM,IstAM_19,3,SI,SI,SI,SI,--,
IstAM,IstAM_19,4,SI,SI,SI,SI,--,
IstAM,IstAM_19,5,SI,SI,SI,SI,--,
IstAM,IstAM_19,6,SI,SI,SI,SI,--,
IstAM,IstAM_19,7,SI,SI,SI,SI,--,
IstAM,IstAM_19,8,SI,SI,SI,SI,--,
IstAM,IstAM_19,9,SI,SI,SI,SI,--,
IstAM,IstAM_19,10,SI,SI,SI,SI,--,
IstAM,IstAM_19,11,SI,SI,SI,SI,--,
IstAM,IstAM_19,12,SI,SI,SI,SI,--,
IstAM,IstAM_19,13,SI,SI,SI,SI,--,
IstAM,IstAM_19,14,SI,SI,SI,SI,--,
IstAM,IstAM_19,15,SI,SI,SI,SI,--,
IstAM,IstAM_19,16,SI,SI,SI,SI,--,
IstAM,IstAM_19,17,SI,SI,SI,SI,--,
IstAM,IstAM_19,18,SI,SI,SI,SI,--,
IstAM,IstAM_19,19,SI,SI,SI,SI,--,
IstAM,IstAM_19,20,SI,SI,SI,SI,--,
IstAM,IstAM_19,21,SI,SI,SI,SI,--,
IstAM,IstAM_19,22,SI,SI,SI,SI,--,
IstAM,IstAM_19,23,SI,SI,SI,SI,--,
IstAM,IstAM_19,24,SI,SI,SI,SI,--,
IstAM,IstAM_19,25,SI,SI,SI,SI,--,
IstAM,IstAM_19,26,SI,SI,SI,SI,--,
IstAM,IstAM_19,27,SI,SI,SI,SI,--,
IstAM,IstAM_19,28,SI,SI,SI,SI,--,
IstAM,IstAM_19,29,SI,SI,SI,SI,--,
IstAM,IstAM_19,30,SI,SI,SI,SI,--,
IstAM,IstAM_19,31,SI,SI,SI,SI,--,
IstAM,IstAM_19,32,SI,SI,SI,SI,--,
IstAM,IstAM_19,33,SI,SI,SI,SI,--,
IstAM,IstAM_19,34,SI,SI,SI,SI,--,
IstAM,IstAM_19,35,SI,SI,SI,SI,--,
IstAM,IstAM_19,36,SI,SI,SI,SI,--,
IstAM,IstAM_19,37,SI,SI,SI,SI,--,
IstAM,IstAM_19,38,SI,SI,SI,SI,--,
IstAM,IstAM_19,39,SI,SI,SI,SI,--,
IstAM,IstAM_19,40,SI,SI,SI,SI,--,
IstAM,IstAM_19,41,SI,SI,SI,SI,--,
IstAM,IstAM_19,42,SI,SI,SI,SI,--,
IstAM,IstAM_19,43,SI,SI,SI,SI,--,
IstAM,IstAM_19,44,SI,SI,SI,SI,--,
IstAM,IstAM_19,45,SI,SI,SI,SI,--,
IstAM,IstAM_19,46,SI,SI,SI,SI,--,
IstAM,IstAM_19,47,SI,SI,SI,SI,--,
IstAM,IstAM_19,48,SI,SI,SI,SI,--,
IstAM,IstAM_19,49,SI,SI,SI,SI,--,
IstAM,IstAM_19,50,SI,SI,SI,SI,--,
IstAM,IstAM_19,51,SI,SI,SI,SI,--,
IstAM,IstAM_19,52,SI,SI,SI,SI,--,
IstAM,IstAM_19,53,SI,SI,SI,SI,--,
IstAM,IstAM_19,54,SI,SI,SI,SI,--,
IstAM,IstAM_19,55,SI,SI,SI,SI,--,
IstAM,IstAM_19,56,SI,SI,SI,SI,--,
IstAM,IstAM_19,57,SI,SI,SI,SI,--,
IstAM,IstAM_19,58,SI,SI,SI,SI,--,
IstAM,IstAM_19,59,SI,SI,SI,SI,--,
IstAM,IstAM_19,60,SI,SI,SI,SI,--,
IstAM,IstAM_19,61,SI,SI,SI,SI,--,
IstAM,IstAM_19,62,SI,SI,SI,SI,--,
IstAM,IstAM_19,63,SI,SI,SI,SI,--,
IstAM,IstAM_19,64,SI,SI,SI,SI,--,
IstAM,IstAM_19,65,SI,SI,SI,SI,--,
IstAM,IstAM_19,66,SI,SI,SI,SI,--,
IstAM,IstAM_19,67,SI,SI,SI,SI,--,
IstAM,IstAM_19,68,SI,SI,SI,SI,--,
IstAM,IstAM_19,69,SI,SI,SI,SI,--,
IstAM,IstAM_19,70,SI,SI,SI,SI,--,
IstAM,IstAM_20,1,SI,SI,SI,SI,NO,Missing storico documentato nel JS del corso
IstAM,IstAM_20,2,SI,SI,SI,SI,--,
IstAM,IstAM_20,3,SI,SI,SI,SI,--,
IstAM,IstAM_20,4,SI,SI,SI,SI,--,
IstAM,IstAM_20,5,SI,SI,SI,SI,--,
IstAM,IstAM_20,6,SI,SI,SI,SI,--,
IstAM,IstAM_20,7,SI,SI,SI,SI,--,
IstAM,IstAM_20,8,SI,SI,SI,SI,--,
IstAM,IstAM_20,9,SI,SI,SI,SI,--,
IstAM,IstAM_20,10,SI,SI,SI,SI,--,
IstAM,IstAM_20,11,SI,SI,SI,SI,--,
IstAM,IstAM_20,12,SI,SI,SI,SI,--,
IstAM,IstAM_20,13,SI,SI,SI,SI,--,
IstAM,IstAM_20,14,SI,SI,SI,SI,--,
IstAM,IstAM_20,15,SI,SI,SI,SI,--,
IstAM,IstAM_20,16,SI,SI,SI,SI,--,
IstAM,IstAM_20,17,SI,SI,SI,SI,--,
IstAM,IstAM_20,18,SI,SI,SI,SI,--,
IstAM,IstAM_20,19,SI,SI,SI,SI,--,
IstAM,IstAM_20,20,SI,SI,SI,SI,--,
IstAM,IstAM_20,21,SI,SI,SI,SI,--,
IstAM,IstAM_20,22,SI,SI,SI,SI,--,
IstAM,IstAM_20,23,SI,SI,SI,SI,--,
IstAM,IstAM_20,24,SI,SI,SI,SI,--,
IstAM,IstAM_20,25,SI,SI,SI,SI,--,
IstAM,IstAM_20,26,SI,SI,SI,SI,--,
IstAM,IstAM_20,27,SI,SI,SI,SI,--,
IstAM,IstAM_20,28,SI,SI,SI,SI,--,
IstAM,IstAM_20,29,SI,SI,SI,SI,--,
IstAM,IstAM_20,30,SI,SI,SI,SI,--,
IstAM,IstAM_20,31,SI,SI,SI,SI,--,
IstAM,IstAM_20,32,SI,SI,SI,SI,--,
IstAM,IstAM_20,33,SI,SI,SI,SI,--,
IstAM,IstAM_20,34,SI,SI,SI,SI,--,
IstAM,IstAM_20,35,SI,SI,SI,SI,--,
IstAM,IstAM_20,36,SI,SI,SI,SI,NO,Missing storico documentato nel JS del corso
IstAM,IstAM_20,37,SI,SI,SI,SI,NO,Missing storico documentato nel JS del corso
IstAM,IstAM_20,38,SI,SI,SI,SI,--,
IstAM,IstAM_20,39,SI,SI,SI,SI,--,
IstAM,IstAM_20,40,SI,SI,SI,SI,--,
IstAM,IstAM_20,41,SI,SI,SI,SI,--,
IstAM,IstAM_20,42,SI,SI,SI,SI,--,
IstAM,IstAM_20,43,SI,SI,SI,SI,--,
IstAM,IstAM_20,44,SI,SI,SI,SI,--,
IstAM,IstAM_20,45,SI,SI,SI,SI,--,
IstAM,IstAM_20,46,SI,SI,SI,SI,--,
IstAM,IstAM_20,47,SI,SI,SI,SI,--,
IstAM,IstAM_20,48,SI,SI,SI,SI,--,
IstAM,IstAM_20,49,SI,SI,SI,SI,--,"CAMREC: IstAM_20_L49.camrec, IstAM_20_L49_live.camrec"
IstAM,IstAM_20,50,SI,SI,SI,SI,--,"CAMREC: IstAM_20_L50.camrec, IstAM_20_L50_live.camrec"
IstAM,IstAM_20,51,SI,SI,SI,SI,--,
IstAM,IstAM_20,52,SI,SI,SI,SI,--,
IstAM,IstAM_20,53,SI,SI,SI,SI,--,
IstAM,IstAM_20,54,SI,SI,SI,SI,--,
IstAM,IstAM_20,55,SI,SI,SI,SI,--,
IstAM,IstAM_20,56,SI,SI,SI,SI,--,
IstAM,IstAM_20,57,SI,SI,SI,SI,--,
IstAM,IstAM_20,58,SI,SI,SI,SI,--,
IstAM,IstAM_20,59,SI,SI,SI,SI,--,
IstAM,IstAM_20,60,SI,SI,SI,SI,--,
IstAM,IstAM_20,61,SI,SI,SI,SI,--,
IstAM,IstAM_20,62,SI,SI,SI,SI,--,
IstAM,IstAM_20,63,SI,SI,SI,SI,--,
IstAM,IstAM_20,64,SI,SI,SI,SI,--,
IstAM,IstAM_20,65,SI,SI,SI,SI,--,
IstAM,IstAM_20,66,SI,SI,SI,SI,--,
IstAM,IstAM_20,67,SI,SI,SI,SI,--,
IstAM,IstAM_20,68,SI,SI,SI,SI,--,
IstAM,IstAM_20,69,SI,SI,SI,SI,--,
IstAM,IstAM_20,70,SI,SI,SI,SI,--,
IstAM,IstAM_21,1,SI,SI,SI,SI,--,
IstAM,IstAM_21,2,SI,SI,SI,SI,--,
IstAM,IstAM_21,3,SI,SI,SI,SI,--,
IstAM,IstAM_21,4,SI,SI,SI,SI,--,
IstAM,IstAM_21,5,SI,SI,SI,SI,SI,"CAMREC: IstAM_21_L05a.camrec, IstAM_21_L05b.camrec"
IstAM,IstAM_21,6,SI,SI,SI,SI,--,
IstAM,IstAM_21,7,SI,SI,SI,SI,SI,"CAMREC: IstAM_21_L07a.camrec, IstAM_21_L07b.camrec"
IstAM,IstAM_21,8,SI,SI,SI,SI,--,
IstAM,IstAM_21,9,SI,SI,SI,SI,--,
IstAM,IstAM_21,10,SI,SI,SI,SI,--,
IstAM,IstAM_21,11,SI,SI,SI,SI,--,
IstAM,IstAM_21,12,SI,SI,SI,SI,--,
IstAM,IstAM_21,13,SI,SI,SI,SI,--,
IstAM,IstAM_21,14,SI,SI,SI,SI,--,
IstAM,IstAM_21,15,SI,SI,SI,SI,--,
IstAM,IstAM_21,16,SI,SI,SI,SI,--,
IstAM,IstAM_21,17,SI,SI,SI,SI,--,
IstAM,IstAM_21,18,SI,SI,SI,SI,--,
IstAM,IstAM_21,19,SI,SI,SI,SI,--,
IstAM,IstAM_21,20,SI,SI,SI,SI,--,
IstAM,IstAM_21,21,SI,SI,SI,SI,--,
IstAM,IstAM_21,22,SI,SI,SI,SI,--,
IstAM,IstAM_21,23,SI,SI,SI,SI,--,
IstAM,IstAM_21,24,SI,SI,SI,SI,--,
IstAM,IstAM_21,25,SI,SI,SI,SI,--,
IstAM,IstAM_21,26,SI,SI,SI,SI,--,
IstAM,IstAM_21,27,SI,SI,SI,SI,--,
IstAM,IstAM_21,28,SI,SI,SI,SI,--,
IstAM,IstAM_21,29,SI,SI,SI,SI,--,
IstAM,IstAM_21,30,SI,SI,SI,SI,--,
IstAM,IstAM_21,31,SI,SI,SI,SI,--,
IstAM,IstAM_21,32,SI,SI,SI,SI,--,
IstAM,IstAM_21,33,SI,SI,SI,SI,--,
IstAM,IstAM_21,34,SI,SI,SI,SI,--,
IstAM,IstAM_21,35,SI,SI,SI,SI,--,
IstAM,IstAM_21,36,SI,SI,SI,SI,--,"JNT: IstAM_21_L36-bis.jnt, IstAM_21_L36.jnt; CAMREC: IstAM_21_L36-bis.camrec, IstAM_21_L36.camrec"
IstAM,IstAM_21,37,SI,SI,SI,SI,--,
IstAM,IstAM_21,38,SI,SI,SI,SI,--,
IstAM,IstAM_21,39,SI,SI,SI,SI,--,
IstAM,IstAM_21,40,SI,SI,SI,SI,--,
IstAM,IstAM_21,41,SI,SI,SI,SI,SI,"CAMREC: IstAM_21_L41a.camrec, IstAM_21_L41b.camrec"
IstAM,IstAM_21,42,SI,SI,SI,SI,--,
IstAM,IstAM_21,43,SI,SI,SI,SI,--,
IstAM,IstAM_21,44,SI,SI,SI,SI,--,
IstAM,IstAM_21,45,SI,SI,SI,SI,--,
IstAM,IstAM_21,46,SI,SI,SI,SI,--,
IstAM,IstAM_21,47,SI,SI,SI,SI,--,
IstAM,IstAM_21,48,SI,SI,SI,SI,--,
IstAM,IstAM_21,49,SI,SI,SI,SI,--,
IstAM,IstAM_21,50,SI,SI,SI,SI,--,
IstAM,IstAM_21,51,SI,SI,SI,SI,--,
IstAM,IstAM_21,52,SI,SI,SI,SI,--,
IstAM,IstAM_21,53,SI,SI,SI,SI,SI,"CAMREC: IstAM_21_L53a.camrec, IstAM_21_L53b.camrec"
IstAM,IstAM_21,54,SI,SI,SI,SI,--,
IstAM,IstAM_21,55,SI,SI,SI,SI,--,
IstAM,IstAM_21,56,SI,SI,SI,SI,--,
IstAM,IstAM_21,57,SI,SI,SI,SI,--,
IstAM,IstAM_21,58,SI,SI,SI,SI,--,
IstAM,IstAM_21,59,SI,SI,SI,SI,--,
IstAM,IstAM_21,60,SI,SI,SI,SI,SI,"CAMREC: IstAM_21_L60a.camrec, IstAM_21_L60b.camrec"
IstAM,IstAM_21,61,SI,SI,SI,SI,--,
IstAM,IstAM_21,62,SI,SI,SI,SI,--,
IstAM,IstAM_21,63,SI,SI,SI,SI,SI,"CAMREC: IstAM_21_L63a.camrec, IstAM_21_L63b.camrec, IstAM_21_L63c.camrec"
IstAM,IstAM_21,64,SI,SI,SI,SI,--,
IstAM,IstAM_21,65,SI,SI,SI,SI,--,
IstAM,IstAM_21,66,SI,SI,SI,SI,--,
IstAM,IstAM_21,67,SI,SI,SI,SI,--,
IstAM,IstAM_21,68,SI,SI,SI,SI,--,
IstAM,IstAM_21,69,SI,SI,SI,SI,--,
IstAM,IstAM_21,70,SI,SI,SI,SI,--,
IstAM,IstAM_22,1,SI,SI,SI,SI,--,
IstAM,IstAM_22,2,SI,SI,SI,SI,--,
IstAM,IstAM_22,3,SI,SI,SI,SI,--,
IstAM,IstAM_22,4,SI,SI,SI,SI,--,
IstAM,IstAM_22,5,SI,SI,SI,SI,--,
IstAM,IstAM_22,6,SI,SI,SI,SI,--,
IstAM,IstAM_22,7,SI,SI,SI,SI,--,
IstAM,IstAM_22,8,SI,SI,SI,SI,--,
IstAM,IstAM_22,9,SI,SI,SI,SI,--,
IstAM,IstAM_22,10,SI,SI,SI,SI,--,
IstAM,IstAM_22,11,SI,SI,SI,SI,--,
IstAM,IstAM_22,12,SI,SI,SI,SI,--,
IstAM,IstAM_22,13,SI,SI,SI,SI,--,
IstAM,IstAM_22,14,SI,SI,SI,SI,--,
IstAM,IstAM_22,15,SI,SI,SI,SI,--,
IstAM,IstAM_22,16,SI,SI,SI,SI,--,
IstAM,IstAM_22,17,SI,SI,SI,SI,--,
IstAM,IstAM_22,18,SI,SI,SI,SI,--,
IstAM,IstAM_22,19,SI,SI,SI,SI,--,
IstAM,IstAM_22,20,SI,SI,SI,SI,--,
IstAM,IstAM_22,21,SI,SI,SI,SI,--,
IstAM,IstAM_22,22,SI,SI,SI,SI,--,
IstAM,IstAM_22,23,SI,SI,SI,SI,--,
IstAM,IstAM_22,24,SI,SI,SI,SI,--,
IstAM,IstAM_22,25,SI,SI,SI,SI,--,
IstAM,IstAM_22,26,SI,SI,SI,SI,--,
IstAM,IstAM_22,27,SI,SI,SI,SI,--,
IstAM,IstAM_22,28,SI,SI,SI,SI,--,
IstAM,IstAM_22,29,SI,SI,SI,SI,--,
IstAM,IstAM_22,30,SI,SI,SI,SI,--,
IstAM,IstAM_22,31,SI,SI,SI,SI,--,
IstAM,IstAM_22,32,SI,SI,SI,SI,--,
IstAM,IstAM_22,33,SI,SI,SI,SI,--,
IstAM,IstAM_22,34,SI,SI,SI,SI,--,
IstAM,IstAM_22,35,SI,SI,SI,SI,--,
IstAM,IstAM_22,36,SI,SI,SI,SI,--,
IstAM,IstAM_22,37,SI,SI,SI,SI,--,
IstAM,IstAM_22,38,SI,SI,SI,SI,--,
IstAM,IstAM_22,39,SI,SI,SI,SI,--,
IstAM,IstAM_22,40,SI,SI,SI,SI,--,
IstAM,IstAM_22,41,SI,SI,SI,SI,--,
IstAM,IstAM_22,42,SI,SI,SI,SI,--,
IstAM,IstAM_22,43,SI,SI,SI,SI,--,
IstAM,IstAM_22,44,SI,SI,SI,SI,--,
IstAM,IstAM_22,45,SI,SI,SI,SI,--,
IstAM,IstAM_22,46,SI,SI,SI,SI,--,
IstAM,IstAM_22,47,SI,SI,SI,SI,--,
IstAM,IstAM_22,48,SI,SI,SI,SI,--,
IstAM,IstAM_22,49,SI,SI,SI,SI,--,
IstAM,IstAM_22,50,SI,SI,SI,SI,--,
IstAM,IstAM_22,51,SI,SI,SI,SI,--,"JNT: IstAM_22_L51-old.jnt, IstAM_22_L51.jnt"
IstAM,IstAM_22,52,SI,SI,SI,SI,--,
IstAM,IstAM_22,53,SI,SI,SI,SI,--,
IstAM,IstAM_22,54,SI,SI,SI,SI,--,
IstAM,IstAM_22,55,SI,SI,SI,SI,--,
IstAM,IstAM_22,56,SI,SI,SI,SI,--,
IstAM,IstAM_22,57,SI,SI,SI,SI,--,
IstAM,IstAM_22,58,SI,SI,SI,SI,--,
IstAM,IstAM_22,59,SI,SI,SI,SI,--,
IstAM,IstAM_22,60,SI,SI,SI,SI,--,
IstAM,IstAM_22,61,SI,SI,SI,SI,--,
IstAM,IstAM_22,62,SI,SI,SI,SI,--,
IstAM,IstAM_22,63,SI,SI,SI,SI,--,
IstAM,IstAM_22,64,SI,SI,SI,SI,--,
IstAM,IstAM_22,65,SI,SI,SI,SI,--,
IstAM,IstAM_22,66,SI,SI,SI,SI,--,
IstAM,IstAM_22,67,SI,SI,SI,SI,--,
IstAM,IstAM_22,68,SI,SI,SI,SI,--,
IstAM,IstAM_22,69,SI,SI,SI,SI,--,
IstAM,IstAM_22,70,SI,SI,SI,SI,--,
Precorsi,PCM_07,1,SI,SI,?,?,--,
Precorsi,PCM_07,2,SI,SI,?,?,--,
Precorsi,PCM_07,3,SI,SI,?,?,--,
Precorsi,PCM_07,4,SI,SI,?,?,--,
Precorsi,PCM_07,5,SI,SI,?,?,--,
Precorsi,PCM_07,6,SI,SI,?,?,--,
Precorsi,PCM_07,7,SI,SI,?,?,--,
Precorsi,PCM_07,8,SI,SI,?,?,--,
Precorsi,PCM_07,9,SI,SI,?,?,--,
Precorsi,PCM_07,10,SI,SI,?,?,--,
Precorsi,PCM_08,1,SI,SI,?,?,--,
Precorsi,PCM_08,2,SI,SI,?,?,--,
Precorsi,PCM_08,3,SI,SI,?,?,--,
Precorsi,PCM_08,4,SI,SI,?,?,--,
Precorsi,PCM_08,5,SI,NO,NO,NO,NO,Missing storico documentato nel JS del corso
Precorsi,PCM_08,6,SI,SI,?,?,--,
Precorsi,PCM_08,7,SI,SI,?,?,--,
Precorsi,PCM_08,8,SI,SI,?,?,--,
Precorsi,PCM_08,9,SI,SI,?,?,--,
Precorsi,PCM_08,10,SI,SI,?,?,--,
Precorsi,PCM_08,11,SI,SI,?,?,--,
Precorsi,PCM_08,12,SI,SI,?,?,--,
Precorsi,PCM_08,13,SI,SI,?,?,--,
Precorsi,PCM_08,14,SI,SI,?,?,--,
Precorsi,PCM_08,15,SI,SI,?,?,--,
Precorsi,PCM_08,16,SI,SI,?,?,--,
Precorsi,PCM_08,17,SI,SI,?,?,--,
Precorsi,PCM_08,18,SI,SI,?,?,--,
Precorsi,PCM_08,19,SI,SI,?,?,--,
Precorsi,PCM_08,20,SI,SI,?,?,--,
Precorsi,PCM_09,1,SI,SI,?,?,--,
Precorsi,PCM_09,2,SI,SI,?,?,--,
Precorsi,PCM_09,3,SI,NO,NO,NO,NO,Missing storico documentato nel JS del corso
Precorsi,PCM_09,4,SI,SI,?,?,--,
Precorsi,PCM_09,5,SI,SI,?,?,--,
Precorsi,PCM_09,6,SI,SI,?,?,--,
Precorsi,PCM_09,7,SI,SI,?,?,--,
Precorsi,PCM_09,8,SI,SI,?,?,--,
Precorsi,PCM_09,9,SI,SI,?,?,--,
Precorsi,PCM_09,10,SI,SI,?,?,--,
Precorsi,PCM_25,1,SI,SI,SI,SI,--,
Precorsi,PCM_25,2,SI,SI,SI,SI,--,
Precorsi,PCM_25,3,SI,SI,SI,SI,--,
Precorsi,PCM_25,4,SI,SI,SI,SI,--,
Precorsi,PCM_25,5,SI,SI,SI,SI,--,
Precorsi,PCM_25,6,SI,SI,SI,SI,--,
Precorsi,PCM_25,7,SI,SI,SI,SI,--,
Precorsi,PCM_25,8,SI,SI,SI,SI,--,
Precorsi,PCM_25,9,SI,SI,SI,SI,--,
Precorsi,PCM_25,10,SI,SI,SI,SI,--,
Precorsi,PCM_25,11,SI,SI,SI,SI,--,
Precorsi,PCM_25,12,SI,SI,SI,SI,--,
Precorsi,PCM_25,13,SI,SI,SI,SI,--,
Precorsi,PCM_25,14,SI,SI,SI,SI,--,
Precorsi,PCM_25,15,SI,SI,SI,SI,--,
Precorsi,PCM_25,16,SI,SI,SI,SI,--,
Precorsi,PCM_25,17,SI,SI,SI,SI,--,
Precorsi,PCM_25,18,SI,SI,SI,SI,--,
Precorsi,PCM_25,19,SI,SI,SI,SI,--,
Precorsi,PCM_25,20,SI,SI,SI,SI,--,
SAnna,SA_10,1,SI,SI,?,?,--,
SAnna,SA_10,2,SI,SI,?,?,--,
SAnna,SA_10,3,SI,SI,?,?,--,
SAnna,SA_10,4,SI,SI,?,?,--,
SAnna,SA_10,5,SI,SI,?,?,--,
SAnna,SA_10,6,SI,SI,?,?,--,
SAnna,SA_10,7,SI,SI,?,?,--,
SAnna,SA_10,8,SI,SI,?,?,--,
SAnna,SA_10,9,SI,SI,?,?,--,
SAnna,SA_10,10,SI,SI,?,?,--,
SAnna,SA_10,11,SI,SI,?,?,--,
SAnna,SA_10,12,SI,SI,?,?,--,
SAnna,SA_10,13,SI,SI,?,?,--,
SAnna,SA_10,14,SI,SI,?,?,--,
SAnna,SA_10,15,SI,SI,?,?,--,
SAnna,SA_10,16,SI,SI,?,?,--,
SAnna,SA_10,17,SI,SI,?,?,--,
SAnna,SA_10,18,SI,SI,?,?,--,
SAnna,SA_10,19,SI,SI,?,?,--,
SAnna,SA_10,20,SI,SI,?,?,--,
SAnna,SA_10,21,SI,SI,?,?,--,
SAnna,SA_10,22,SI,SI,?,?,--,
SAnna,SA_10,23,SI,SI,?,?,--,
SAnna,SA_10,24,SI,SI,?,?,--,
SAnna,SA_10,25,SI,SI,?,?,--,
SAnna,SA_10,26,SI,SI,?,?,--,
SAnna,SA_11,1,SI,SI,?,?,--,
SAnna,SA_11,2,SI,SI,?,?,--,
SAnna,SA_11,3,SI,SI,?,?,--,
SAnna,SA_11,4,SI,SI,?,?,--,
SAnna,SA_11,5,SI,SI,?,?,--,
SAnna,SA_11,6,SI,SI,?,?,--,
SAnna,SA_11,7,SI,SI,?,?,--,
SAnna,SA_11,8,SI,SI,?,?,--,
SAnna,SA_11,9,SI,SI,?,?,--,
SAnna,SA_11,10,SI,SI,?,?,--,
SAnna,SA_11,11,SI,SI,?,?,--,
SAnna,SA_11,12,SI,SI,?,?,--,
SAnna,SA_11,13,SI,SI,?,?,--,
SAnna,SA_11,14,SI,SI,?,?,--,
SAnna,SA_11,15,SI,SI,?,?,--,
SAnna,SA_11,16,SI,SI,?,?,--,
SAnna,SA_11,17,SI,SI,?,?,--,
SAnna,SA_11,18,SI,SI,?,?,--,
SAnna,SA_11,19,SI,SI,?,?,--,
SAnna,SA_11,20,SI,NO,NO,NO,NO,Missing storico documentato nel JS del corso
SAnna,SA_11,21,SI,SI,?,?,--,
SAnna,SA_11,22,SI,SI,?,?,--,
SAnna,SA_11,23,SI,SI,?,?,--,
SAnna,SA_11,24,SI,SI,?,?,--,
SAnna,SA_11,25,SI,SI,?,?,--,
SAnna,SA_11,26,SI,SI,?,?,--,
SAnna,SA_12,1,SI,SI,SI,?,--,
SAnna,SA_12,2,SI,SI,SI,?,--,
SAnna,SA_12,3,SI,SI,SI,?,--,
SAnna,SA_12,4,SI,SI,SI,?,--,
SAnna,SA_12,5,SI,SI,SI,?,--,
SAnna,SA_12,6,SI,SI,SI,?,--,
SAnna,SA_12,7,SI,SI,SI,?,--,
SAnna,SA_12,8,SI,SI,SI,?,--,
SAnna,SA_12,9,SI,SI,SI,?,--,
SAnna,SA_12,10,SI,SI,SI,?,--,
SAnna,SA_12,11,SI,SI,SI,?,--,
SAnna,SA_12,12,SI,SI,SI,?,--,
SAnna,SA_12,13,SI,SI,SI,?,--,
SAnna,SA_12,14,SI,SI,SI,?,--,
SAnna,SA_12,15,SI,SI,SI,?,--,
SAnna,SA_12,16,SI,SI,SI,?,--,
SAnna,SA_12,17,SI,SI,SI,?,--,
SAnna,SA_12,18,SI,SI,SI,?,--,
SAnna,SA_12,19,SI,SI,SI,?,--,
SAnna,SA_12,20,SI,SI,SI,?,--,"PDF: SA_12_L20.pdf, SA_12_L20_originale.pdf, SA_12_L20bis.pdf; AVI: SA_12_L20.avi, SA_12_L20bis.avi; JNT: SA_12_L20.jnt, SA_12_L20bis.jnt"
SAnna,SA_12,21,SI,SI,SI,?,--,
SAnna,SA_12,22,SI,SI,SI,?,--,
SAnna,SA_12,23,SI,SI,SI,?,--,
SAnna,SA_12,24,SI,SI,SI,?,--,
SAnna,SA_12,25,SI,SI,SI,?,--,
SAnna,SA_12,26,SI,NO,SI,NO,NO,Missing storico documentato nel JS del corso
SAnna,SA_12,27,SI,SI,SI,?,--,
SAnna,SA_12,28,SI,SI,SI,?,--,
SAnna,SA_12,29,SI,SI,SI,?,--,
SAnna,SA_12,30,SI,SI,SI,?,--,
SAnna,SA_13,1,SI,SI,SI,?,--,
SAnna,SA_13,2,SI,SI,SI,?,--,
SAnna,SA_13,3,SI,SI,SI,?,--,
SAnna,SA_13,4,SI,SI,SI,?,--,
SAnna,SA_13,5,SI,SI,SI,?,--,
SAnna,SA_13,6,SI,SI,SI,?,--,
SAnna,SA_13,7,SI,SI,SI,?,--,
SAnna,SA_13,8,SI,SI,SI,?,--,
SAnna,SA_13,9,SI,SI,SI,?,--,
SAnna,SA_13,10,SI,SI,SI,?,--,
SAnna,SA_13,11,SI,SI,SI,?,--,
SAnna,SA_13,12,SI,SI,SI,?,--,
SAnna,SA_13,13,SI,SI,SI,?,--,
SAnna,SA_13,14,SI,SI,SI,?,--,
SAnna,SA_13,15,SI,SI,SI,?,--,
SAnna,SA_13,16,SI,SI,SI,?,--,
SAnna,SA_13,17,SI,SI,SI,?,--,
SAnna,SA_13,18,SI,SI,SI,?,--,
SAnna,SA_13,19,SI,SI,SI,?,--,
SAnna,SA_13,20,SI,SI,SI,?,--,
SAnna,SA_13,21,SI,SI,SI,?,--,
SAnna,SA_13,22,SI,NO,SI,NO,NO,Missing storico documentato nel JS del corso
SAnna,SA_13,23,SI,SI,SI,?,--,
SAnna,SA_13,24,SI,SI,SI,?,--,
SAnna,SA_13,25,SI,SI,SI,?,--,
SAnna,SA_13,26,SI,SI,SI,?,--,
SAnna,SA_13,27,SI,SI,SI,?,--,
SAnna,SA_13,28,SI,SI,SI,?,--,
SAnna,SA_13,29,SI,SI,SI,?,--,
SAnna,SA_13,30,SI,SI,SI,?,--,
SAnna,SA_14,1,SI,SI,SI,?,--,
SAnna,SA_14,2,SI,SI,SI,?,--,
SAnna,SA_14,3,SI,SI,SI,?,--,
SAnna,SA_14,4,SI,SI,SI,?,--,
SAnna,SA_14,5,SI,SI,SI,?,--,
SAnna,SA_14,6,SI,SI,SI,?,--,
SAnna,SA_14,7,SI,SI,SI,?,--,
SAnna,SA_14,8,SI,SI,SI,?,--,
SAnna,SA_14,9,SI,SI,SI,?,--,
SAnna,SA_14,10,SI,SI,SI,?,--,
SAnna,SA_14,11,SI,SI,SI,?,--,
SAnna,SA_14,12,SI,SI,SI,?,--,
SAnna,SA_14,13,SI,SI,SI,?,--,
SAnna,SA_14,14,SI,SI,SI,?,--,
SAnna,SA_14,15,SI,SI,SI,?,--,
SAnna,SA_14,16,SI,SI,SI,?,--,
SAnna,SA_14,17,SI,SI,SI,?,--,
SAnna,SA_14,18,SI,SI,SI,?,--,
SAnna,SA_14,19,SI,SI,SI,?,--,
SAnna,SA_14,20,SI,SI,SI,?,--,
SAnna,SA_14,21,SI,SI,SI,?,--,
SAnna,SA_14,22,SI,SI,SI,?,--,
SAnna,SA_14,23,SI,SI,SI,?,--,
SAnna,SA_14,24,SI,SI,SI,?,--,
SAnna,SA_14,25,SI,SI,SI,?,--,
SAnna,SA_14,26,SI,SI,SI,?,--,
SAnna,SA_14,27,SI,SI,SI,?,--,
SAnna,SA_14,28,SI,SI,SI,?,--,
SAnna,SA_14,29,SI,SI,SI,?,--,
SAnna,SA_14,30,SI,SI,SI,?,--,
SAnna,SA_15,1,SI,SI,SI,?,--,
SAnna,SA_15,2,SI,SI,SI,?,--,
SAnna,SA_15,3,SI,SI,SI,?,--,
SAnna,SA_15,4,SI,SI,SI,?,--,
SAnna,SA_15,5,SI,SI,SI,?,--,
SAnna,SA_15,6,SI,SI,SI,?,--,
SAnna,SA_15,7,SI,SI,SI,?,--,
SAnna,SA_15,8,SI,SI,SI,?,--,
SAnna,SA_15,9,SI,SI,SI,?,--,
SAnna,SA_15,10,SI,SI,SI,?,--,
SAnna,SA_15,11,SI,SI,SI,?,--,
SAnna,SA_15,12,SI,SI,SI,?,--,
SAnna,SA_15,13,SI,SI,SI,?,--,
SAnna,SA_15,14,SI,SI,SI,?,--,
SAnna,SA_15,15,SI,SI,SI,?,--,
SAnna,SA_15,16,SI,SI,SI,?,--,
SAnna,SA_15,17,SI,SI,SI,?,--,
SAnna,SA_15,18,SI,SI,SI,?,--,
SAnna,SA_15,19,SI,SI,SI,?,--,
SAnna,SA_15,20,SI,SI,SI,?,--,
SAnna,SA_15,21,SI,SI,SI,?,--,
SAnna,SA_15,22,SI,SI,SI,?,--,
SAnna,SA_15,23,SI,SI,SI,?,--,
SAnna,SA_15,24,SI,SI,SI,?,--,
SAnna,SA_15,25,SI,SI,SI,?,--,
SAnna,SA_15,26,SI,SI,SI,?,--,
SAnna,SA_15,27,SI,SI,SI,?,--,
SAnna,SA_15,28,SI,SI,SI,?,--,
SAnna,SA_15,29,SI,SI,SI,?,--,
SAnna,SA_15,30,SI,SI,SI,?,--,
